,1,2,3,4,5,6,7,8,9,10,11,12,13,14,15,16,17,18,19,20,21,22,23,24,25,26,27,28
1,0.412644556,0.356255145,0.346365142,0.402894827,0.335836661,0.402353696,0.401417764,0.334296507,0.150994996,0.370519735,0.355115648,0.338803859,0.338429487,0.338478207,0.338065019,0.336878238,0.320122373,0.33636594,0.320565245,0.369979176,0.402022234,0.405885513,0.374089904,0.412168848,0.412142425,0.42200908,0.415470677,0.42270776
2,0.323041423,0.326433352,0.346853814,0.33582603,0.335357044,0.337305287,0.336545942,0.40019977,0.382918983,0.323782427,0.317563016,0.338089479,0.497714485,0.50704024,0.32184894,0.336902853,0.330806179,0.323025167,0.355615182,0.326280794,0.402806812,0.34929025,0.374526224,0.41220173,0.411981492,0.41219609,0.373362699,0.412230564
3,0.318086733,0.338046615,0.346828844,0.401427653,0.3730881,0.33554729,0.400974398,0.330659693,0.236270994,0.222344139,0.519870616,0.355021251,0.369262663,0.370830105,0.337455883,0.320554984,0.336747514,0.323511969,0.355917486,0.371001592,0.338711054,0.34941263,0.422755553,0.422780246,0.422373717,0.422849842,0.373458347,0.422742713
4,0.367948434,0.322206579,0.364541578,0.361659026,0.538073961,0.540667637,0.33706269,0.397826889,0.383843078,0.053235521,0.519203457,0.205891922,0.202773726,0.189899559,0.19001477,0.189639717,0.188297242,0.183700252,0.167822141,0.160791049,0.156377939,0.155699161,0.174245102,0,0.374315613,0.385922077,0.409788597,0.386363558
5,0.318036668,0.355965928,0.233305649,0.398258898,0.496276315,0.48960412,0.527193844,0.541961847,0.197442856,0.193819161,0.178597547,0.16059691,0.142075167,0.123731184,0.109628578,0.096470278,0.084862408,0.07607352,0.072190199,0.072912213,0.078808937,0.092721607,0.113053899,0.14051083,0.160004477,0.412100952,0.413867401,0.422780045
6,0.32389413,0.323340498,0.349328432,0.539451335,0.401475864,0.41452722,0.420619166,0.420670761,0.40831739,0.415950123,0.438779269,0.472986883,0.508286356,0.554542653,0.599647667,0.649893194,0.694774624,0.726810064,0.745399874,0.753598786,0.750286868,0.73696714,0.09275656,0.112449291,0.152391183,0.411986576,0.410303815,0.422086077
7,0.367130525,0.355505101,0.513619884,0.539451335,0.395240785,0.419675941,0.421541315,0.422868523,0.430805871,0.470997298,0.512028043,0.558922738,0.613018541,0.668855282,0.726702394,0.784949051,0.823752805,0.845561388,0.856828015,0.857713356,0.843200683,0.798693247,0.751606211,0.096559808,0.138685138,0.233418666,0.415385629,0.387004448
8,0.318007789,0.354212382,0.538046394,0.540671445,0.388207329,0.421177171,0.406810443,0.438105798,0.488757641,0.544041794,0.60165408,0.663337766,0.73040644,0.798496155,0.853393577,0.890556167,0.917022281,0.932922117,0.939470672,0.93637964,0.922838067,0.895042612,0.821025299,0.751727077,0.128822022,0.215118289,0.373916316,0.422684072
9,0.365844759,0.361854124,0.504074934,0.315416632,0.382140693,0.396264917,0.436835592,0.499435864,0.564163531,0.633803714,0.70701402,0.784726541,0.850036461,0.898120324,0.935624467,0.959595875,0.971985867,0.978844823,0.981329825,0.977528369,0.965548568,0.949684765,0.914662163,0.809936634,0.121611995,0.213497677,0.420441112,0.386327261
10,0.318066306,0.365615481,0.34929079,0.299183834,0.381266477,0.428914693,0.496419532,0.575281945,0.661664153,0.745081066,0.819900327,0.879890965,0.927445472,0.952226569,0.954140245,0.936658735,0.907585333,0.886149052,0.875219682,0.887234436,0.966064048,0.967193409,0.954184067,0.893326042,0.119353429,0.213790586,0.411826245,0.411719518
11,0.317985043,0.321395886,0.349352429,0.277949605,0.379332095,0.478582478,0.573911542,0.678265598,0.767483426,0.84076621,0.898947381,0.941120118,0.953922742,0.94028277,0.898807076,0.837311993,0.794924781,0.774659412,0.764194994,0.780435209,0.890867495,0.967867305,0.961899222,0.935187421,0.121099512,0.212332529,0.420390228,0.386363867
12,0.317945733,0.36598698,0.349432748,0.25307938,0.381504625,0.558737366,0.681061765,0.775174074,0.852520319,0.9101666,0.948700592,0.953398453,0.926067951,0.862607273,0.790248862,0.726216211,0.692629584,0.680064257,0.680044069,0.739923924,0.868116336,0.96418106,0.958635869,0.930797736,0.127267915,0.209312732,0.416139597,0.38474191
13,0.325371131,0.318017585,0.165955284,0.238050392,0.501549827,0.668346646,0.764792603,0.850826803,0.914963509,0.954509611,0.956000489,0.921932885,0.854724216,0.76450827,0.681370706,0.641401658,0.628931732,0.624655102,0.664132667,0.73637939,0.868622639,0.960993916,0.951863909,0.878346686,0.137685698,0.212828293,0.373825628,0.422683887
14,0.325218186,0.317904167,0.245014082,0.232686671,0.503075626,0.737185354,0.837568374,0.910501385,0.956828225,0.964591219,0.931101925,0.864740369,0.760515054,0.661041775,0.619407959,0.597418803,0.595788811,0.618751308,0.673294838,0.751735854,0.882805967,0.956994922,0.938014623,0.822991327,0.151614036,0.212456455,0.373564704,0.422684072
15,0.325571235,0.366062973,0.407256049,0.233935445,0.499683789,0.808150946,0.896298649,0.952092352,0.975738216,0.951432672,0.884158362,0.764903147,0.673450649,0.622185082,0.597205426,0.590732524,0.598625981,0.630353986,0.698943777,0.796277841,0.909361455,0.951463947,0.90606862,0.761563214,0.168763018,0.210605977,0.373744102,0.41199081
16,0.325904953,0.44830556,0.34934736,0.242539372,0.490718933,0.872294668,0.94014058,0.974033544,0.986483336,0.932653127,0.783181118,0.700341092,0.648816733,0.613304717,0.597748659,0.594820863,0.625261573,0.686941416,0.764149735,0.86322004,0.934859528,0.935230686,0.84536629,0.699617827,0.193122397,0.211802276,0.410040512,0.387074909
17,0.327115777,0.454669216,0.441694239,0.25948111,0.478365794,0.939146796,0.960639384,0.983511965,0.995125368,0.926713353,0.765594272,0.691450545,0.648098351,0.621577043,0.615186918,0.634280418,0.693674885,0.759521471,0.839957974,0.917782275,0.938842236,0.892236734,0.773006041,0.643409414,0.22032953,0.210469782,0.38259568,0.422319527
18,0.396398377,0.449680563,0.432709867,0.274580436,0.464115682,0.95950137,0.967687195,0.985221397,1,0.929679532,0.777549489,0.736500998,0.717942726,0.711441037,0.712343531,0.730715713,0.777969924,0.845711304,0.912306743,0.936960638,0.910335121,0.821187917,0.699486917,0.593039263,0.419821051,0.21476283,0.382046621,0.386364639
19,0.32815601,0.369425188,0.348016288,0.301350817,0.44990845,0.938640401,0.963539243,0.98026357,0.998957974,0.973469606,0.884028163,0.831367027,0.817897646,0.811795332,0.81046596,0.825298413,0.868870922,0.919486576,0.937106753,0.914738094,0.843284835,0.734455407,0.633754608,0.531293165,0.440072514,0.232121712,0.381635658,0.412078346
20,0.326283668,0.370191425,0.404953429,0.318133986,0.439938174,0.896323063,0.930246839,0.962628312,0.985547003,0.998919282,0.973432335,0.916245876,0.896706707,0.888411235,0.8911965,0.910402306,0.93652183,0.93840077,0.909399158,0.846098903,0.746749936,0.656087247,0.580904234,0.495199526,0.455358077,0.412169652,0.411167539,0.411581067
21,0.325767986,0.325015223,0.404803698,0.32931816,0.284439658,0.351060593,0.873847291,0.91044449,0.946774152,0.974116738,0.991399874,0.990240073,0.980250961,0.969889115,0.961013695,0.949771482,0.92750147,0.890005455,0.832369124,0.74378555,0.661834744,0.591889699,0.524907427,0.484911614,0.465391837,0.386881326,0.411777293,0.385922849
22,0.369504102,0.328890864,0.403849394,0.340433141,0.28239569,0.315839678,0.36110014,0.835391796,0.871376135,0.900995305,0.922494166,0.934370377,0.93439782,0.926934719,0.913547111,0.889598139,0.851176081,0.795572377,0.721053799,0.652724777,0.592550924,0.537031908,0.499472864,0.480082766,0.470534586,0.411825318,0.42278706,0.411958082
23,0.369662037,0.328743699,0.346656955,0.346120783,0.284515435,0.294438319,0.324841048,0.365437319,0.782088889,0.811805638,0.831542841,0.840116234,0.839843103,0.831811521,0.81472699,0.783201855,0.733365526,0.681838301,0.630775843,0.583741183,0.540656067,0.507371818,0.490585945,0.478474847,0.263392213,0.422089461,0.411388797,0.38523738
24,0.365841607,0.400206662,0.346326358,0.349164547,0.297484169,0.295016165,0.305560346,0.328398222,0.359944666,0.393573337,0.692285095,0.704834244,0.706620379,0.700774553,0.688763508,0.668978473,0.635047845,0.596828225,0.567187191,0.539857452,0.514768985,0.497565434,0.48099562,0.25418683,0.257975028,0.416348663,0.397391296,0.41199152
25,0.318000665,0.40135577,0.402843835,0.349683845,0.31830623,0.316494815,0.334491157,0.538592888,0.564352278,0.581479881,0.593183856,0.601614155,0.606154884,0.605891515,0.601222866,0.592591068,0.577210035,0.552975455,0.533324212,0.511625934,0.496840643,0.485216738,0.26056433,0.256650538,0.262078169,0.4163359,0.386326797,0.422780107
26,0.317959516,0.40276058,0.345467177,0.347401095,0.328299004,0.345189704,0.344252969,0.540737179,0.528608651,0.503278187,0.506414199,0.509381676,0.51062566,0.512485625,0.513533677,0.513478745,0.512089357,0.510732928,0.506208625,0.494787817,0.292354855,0.289449774,0.294329413,0.261406252,0.261745177,0.373705812,0.422873267,0.412243899
27,0.365843028,0.402770083,0.402852798,0.372802608,0.402679425,0.402005391,0.219514958,0.227147877,0.382483822,0.360246228,0.338123288,0.286684287,0.287354165,0.194698816,0.337793279,0.337350577,0.320401082,0.35500909,0.315009624,0.334899246,0.287928055,0.285809082,0.287989183,0.412189709,0.382574093,0.373709351,0.422664881,0.422152907
28,0.321837212,0.403796223,0.402973463,0.336499539,0.335693806,0.337311931,0.215711803,0.207515038,0.325577601,0.355798814,0.321349592,0.321060561,0.323017302,0.381687484,0.337129628,0.337622487,0.3631281,0.366286982,0.366937684,0.335721141,0.347370856,0.268998285,0.266828938,0.422707652,0.382709299,0.373463246,0.422751335,0.367917406
29,0.575737322,0.66410149,0.579881322,0.584397451,0.658353444,0.595475197,0.643180842,0.656863831,0.664101454,0.654455339,0.6386173,0.647798669,0.651083164,0.487734056,0.636186825,0.653742305,0.653329842,0.65382682,0.63618278,0.597209109,0.606503774,0.504506052,0.504605717,0.584802193,0.57260925,0.585222039,0.573758086,0.624181156
30,0.652770383,0.626748754,0.642137575,0.584962842,0.658301784,0.642520004,0.643149232,0.608556466,0.636213861,0.654697495,0.6395264,0.490222038,0.647798889,0.664426138,0.637585281,0.651324078,0.616476908,0.616508567,0.664229256,0.605300682,0.642244553,0.512495682,0.512440303,0.577903778,0.604862515,0.575587029,0.573650892,0.572591059
31,0.607337393,0.627146549,0.581089226,0.640359557,0.610190883,0.763142161,0.749636969,0.655422393,0.627175331,0.654683863,0.646921604,0.493240194,0.673292161,0.67279011,0.637893573,0.654013314,0.654727383,0.637750901,0.627295106,0.60505407,0.657013729,0.469747017,0.469809278,0.57259857,0.584996162,0.584917725,0.608104451,0.573594562
32,0.598937564,0.626829777,0.581014525,0.584050847,0.656749945,0.776573567,0.791778311,0.656920798,0.644541465,0.48673531,0.637981235,0.702374375,0.710513868,0.703966982,0.653838962,0.668476952,0.704579115,0.637867104,0.627378117,0.733587969,0.733462368,0.735661601,0.735612212,0.753391945,0.739841693,0.605918242,0.615711416,0.61461068
33,0.664094621,0.627328742,0.640234435,0.643414053,0.50309539,0.753221084,0.77735962,0.724095357,0.723837228,0.724274535,0.724343324,0.726425756,0.724493365,0.719649941,0.692353676,0.685320896,0.732110511,0.727827512,0.664089043,0.740062425,0.737269841,0.747585164,0.754767644,0.763353867,0.795002383,0.572631103,0.573582187,0.572584257
34,0.591808142,0.664311039,0.580637302,0.643118644,0.570306232,0.604081551,0.60892787,0.723388128,0.725498873,0.725092392,0.721061519,0.711632502,0.730054832,0.365238853,0.414865609,0.914773558,0.735816411,0.626926469,0.66747805,0.675086618,0.738572989,0.750485979,0.752756032,0.75821892,0.853688816,0.573608531,0.572720911,0.606275273
35,0.663535928,0.628071934,0.641261738,0.608426678,0.952028261,0.600510181,0.583892085,0.544761278,0.44218906,0.409433845,0.407087352,0.394210466,0.391566531,0.394361145,0.416884728,0.810704495,0.625196535,0.635660731,0.666173391,0.687662705,0.721665982,0.725366715,0.725942481,0.731481695,0.882770135,0.612868597,0.614287004,0.57279166
36,0.658053625,0.664369014,0.580637408,0.605628892,0.608044898,0.590969187,0.573702335,0.553649171,0.405791371,0.395630942,0.395655225,0.379135396,0.380935756,0.386680304,0.464483807,0.444618435,0.616028869,0.660471278,0.681842974,0.712753578,0.710578939,0.693107519,0.683505776,0.686388318,0.895905959,1,0.605674706,0.625002594
37,0.663859576,0.664019452,0.641459571,0.605957358,0.62208142,0.613450762,0.604045248,0.56659858,0.394072361,0.382724578,0.36910863,0.360225959,0.368521765,0.376417094,0.38355308,0.398723877,0.404294853,0.670151852,0.705128512,0.69468433,0.662826002,0.622523992,0.605019448,0.607135004,0.896050579,0.953780949,0.624218201,0.572628307
38,0.602160742,0.599184289,0.640671847,0.541931056,0.62658159,0.617660784,0.603592571,0.574195431,0.383993083,0.367766822,0.343116584,0.342405324,0.34816361,0.359978957,0.376729409,0.39572962,0.647948574,0.688399206,0.672266898,0.62662015,0.583148212,0.550108271,0.534394663,0.53600022,0.51092178,0.856925845,0.572716991,0.615667056
39,0.598218704,0.656902022,0.565758706,0.540339304,0.62272477,0.297709899,0.297864424,0.303455099,0.310953328,0.31622814,0.318347472,0.329352326,0.336964747,0.351730326,0.372284334,0.634066883,0.665338126,0.638539903,0.585186378,0.53932114,0.505978677,0.481677761,0.469397922,0.468567802,0.496068486,0.856022422,0.614732205,0.606721358
40,0.598581274,0.60465003,0.550461269,0.537279827,0.277534171,0.240147451,0.234369012,0.234858163,0.241465373,0.253418158,0.268276214,0.295040929,0.308455177,0.322396781,0.611234604,0.632091958,0.584444817,0.521401259,0.482649697,0.456171708,0.434270796,0.416242386,0.406631141,0.405642735,0.485882752,0.520325357,0.572634587,0.573435013
41,0.595792508,0.6568489,0.542450404,0.539212896,0.282633992,0.187281026,0.18451061,0.184966011,0.187522181,0.192347637,0.201048803,0.215436016,0.233706063,0.254314286,0.483160604,0.468619228,0.433371205,0.405276489,0.387550545,0.372776494,0.360266762,0.353971852,0.35434017,0.359023207,0.482027111,0.499027823,0.572574855,0.60591719
42,0.59909331,0.656836475,0.539761345,0.902829742,0.296643918,0.18926519,0.187451844,0.187846871,0.188680752,0.190264439,0.193213876,0.200190852,0.217119247,0.260817666,0.281918616,0.287334812,0.289177763,0.289392094,0.286406297,0.278910906,0.270552114,0.267964722,0.272586661,0.28329467,0.861881274,0.461464118,0.572618592,0.60486316
43,0.615134007,0.830683604,0.869302979,0.906861084,0.316002086,0.209986526,0.208804565,0.211290994,0.216185765,0.224448759,0.239595627,0.259338065,0.27179706,0.276076369,0.276761175,0.275862832,0.271431552,0.259237414,0.239537013,0.2253364,0.217383138,0.213903648,0.21204571,0.211271579,0.859956462,0.460813403,0.573670097,0.604861926
44,0.663775415,0.831707207,0.868907611,0.91459289,0.347925492,0.263234354,0.258146993,0.260735748,0.26709695,0.276595466,0.283868407,0.286355432,0.286433801,0.285024793,0.279414334,0.260642079,0.220252616,0.201445335,0.194766794,0.192081163,0.190842689,0.190416779,0.189567797,0.187393059,0.852061587,0.516756868,0.584917725,0.604814515
45,0.664151142,0.758270026,0.83285539,0.913496083,0.372332219,0.344775717,0.34150122,0.345627537,0.354036924,0.366717077,0.381552098,0.399783897,0.427050153,0.458606505,0.455596552,0.246707089,0.224847022,0.206496874,0.196073902,0.188815636,0.18315224,0.178556102,0.176126528,0.174338614,0.841226216,0.531021264,0.606058792,0.604863272
46,0.664105513,0.656863107,0.968284425,0.715487591,0.453334901,0.401328995,0.403466989,0.416931449,0.437753607,0.460874174,0.489312243,0.53237658,0.595548039,0.693145796,0.275313421,0.268281805,0.257775014,0.247287127,0.233869189,0.223075629,0.208441101,0.196858224,0.190988585,0.189279666,0.826432934,0.576207661,0.57990933,0.58494942
47,0.664105584,0.656832345,0.666983613,0.709368977,0.482809488,0.468136982,0.474153709,0.493180275,0.518754798,0.550782276,0.598672083,0.667421856,0.750628455,0.84467156,0.355906727,0.353042032,0.352506146,0.367936235,0.376597805,0.393032777,0.414542437,0.437560819,0.455893795,0.513202315,0.807110644,0.577174672,0.615700158,0.58522177
48,0.664197841,0.603992715,0.667585876,0.702331167,0.522299033,0.537440622,0.543703741,0.566208888,0.601795617,0.647449276,0.712048818,0.775708293,0.845325937,0.445145834,0.450068536,0.466784473,0.434745016,0.412314889,0.413495558,0.420477047,0.437028907,0.483267316,0.507020475,0.530931892,0.782739057,0.605363489,0.575168119,0.585258318
49,0.663667923,0.65672789,0.668251096,0.683919573,0.556108095,0.605224597,0.612819532,0.642042121,0.694916423,0.743249171,0.794433898,0.845401553,0.836789117,0.816616072,0.806376847,0.803925218,0.530269411,0.495001497,0.44195703,0.438043158,0.448076552,0.508981165,0.525243588,0.541103575,0.75262948,0.584927252,0.62543462,0.584927266
50,0.664106876,0.663452534,0.57488988,0.875344571,0.58202879,0.684898988,0.69429202,0.720918361,0.768721496,0.806438654,0.844285445,0.842407155,0.83826026,0.808142706,0.805700273,0.79910673,0.776435022,0.489627453,0.479781482,0.451603997,0.4552074,0.521156683,0.53931078,0.546598396,0.752866278,0.605978724,0.606513537,0.582032944
51,0.627628589,0.656178642,0.58101439,0.882482657,0.599477324,0.769710938,0.774195,0.787715902,0.812646523,0.842909732,0.855314058,0.826684478,0.827145301,0.735243554,0.571444299,0.56918153,0.514718993,0.48280506,0.475774288,0.459541747,0.458808603,0.430458114,0.434571544,0.732153883,0.744903989,0.573589077,0.60544534,0.577905042
52,0.664081103,0.596203289,0.63953207,0.937209518,0.609642242,0.797606905,0.801340182,0.81244793,0.837080769,0.844645247,0.857309235,0.799516731,0.781167178,0.758377405,0.574720694,0.528541999,0.508232573,0.47650558,0.473522529,0.465815439,0.430444873,0.429684905,0.438906601,0.709451293,0.489843346,0.573600921,0.584917615,0.584911399
53,0.59629859,0.642291856,0.575697264,0.656431917,0.615370827,0.776793732,0.78593947,0.804890122,0.829639081,0.836510864,0.948300492,0.639275701,0.654658267,0.657845283,0.574812752,0.540149954,0.502882741,0.483321992,0.477402737,0.468984622,0.438808405,0.432388447,0.440483546,0.807499186,0.584888716,0.606688142,0.585221738,0.577578868
54,0.602087226,0.586486794,0.640162803,0.61439073,0.655226476,0.494208519,0.5855692,0.662301556,0.654259933,0.781687637,0.798563493,0.799956166,0.786855709,0.784602601,0.553868222,0.408111026,0.514745,0.495389975,0.488849057,0.487345968,0.490071331,0.428950313,0.442098754,0.809078487,0.7866814,0.621272305,0.58522166,0.584927237
55,0.601702942,0.639936823,0.579898459,0.658063815,0.652569151,0.642634067,0.585635258,0.990026327,0.656710086,0.751271805,0.641651813,0.642311363,0.754242119,0.752829917,0.653652646,0.482649442,0.459192944,0.456031715,0.454526682,0.456163278,0.457130112,0.080088274,0.450534809,0,0.754242119,0.573600977,0.577578949,0.582033139
56,0.664281107,0.57512132,0.580550154,0.663708229,0.590176876,0.649932412,0.590181396,0.663977038,0.657947581,0.637503885,0.629408959,0.585095632,0.584801072,0.572682539,0.655067544,0.63775788,0.654419709,0.677301619,0.470253361,0.471701576,0.6380109,0.621642152,0.604863045,0.573624579,0.605604387,0.631744162,0.577579159,0.608327977
57,0.496955547,0.552924762,0.496955452,0.497630152,0.498184772,0.530935795,0.57270941,0.498331045,0.498820751,0.586169731,0.49802762,0.585966757,0.585806208,0.585473194,0.572555827,0.53100896,0.5312501,0.572082911,0.530962544,0.531094214,0.498984696,0.592287496,0.58705796,0.587179192,0.510532169,0.515386841,0.569118617,0.587463065
58,0.572636418,0.530854705,0.497911876,0.498112471,0.499071351,0.499340199,0.499732025,0.585721415,0.45425738,0.496798414,0.497691517,0.4988489,0.586147703,0.58545581,0.53084442,0.530871399,0.530877693,0.530942338,0.61765958,0.623376375,0.587869052,0.496930468,0.587014614,0.574170335,0.508513017,0.569267903,0.570000322,0.508995681
59,0.572654014,0.530891854,0.592568854,0.542961883,0.506523934,0.656802252,0.613542605,0.669447692,0.665824586,0.643032164,0.613164191,0.585582606,0.585934981,0.499066803,0.530969797,0.493685718,0.47333417,0.469265664,0.627409297,0.632464448,0.635665593,0.642640367,0.647912625,0.654050796,0.509425136,0.513313943,0.510372349,0.569833959
60,0.530865834,0.572894444,0.585915025,0.494912986,0.417487779,0.70226526,0.723130979,0.736667094,0.764866256,0.764136504,0.754465767,0.724108069,0.405101085,0.397293076,0.392347509,0.389417602,0.776866248,0.809173828,0.828724531,0.846419194,0.848362734,0.840350657,0.812827376,0.775109689,0.603628022,0.508810111,0.507180386,0.569908832
61,0.530995125,0.572772291,0.499040036,0.562307712,0.610034955,0.731078909,0.760447467,0.784179197,0.80821535,0.8073976,0.285478834,0.281971894,0.283987093,0.363867238,0.365090457,0.357777354,0.352609701,0.87309788,0.86742211,0.859292044,0.853400338,0.851180951,0.841512689,0.807183718,0.63462569,0.570653455,0.507951298,0.569337288
62,0.531323975,0.53090281,0.544642514,0.572807021,0.584626508,0.602948236,0.615895653,0.241142537,0.234240564,0.232510926,0.238708687,0.245475536,0.254908222,0.327038345,0.330492939,0.329709901,0.860104642,0.829768776,0.796127332,0.774485544,0.765124282,0.770534706,0.82681081,0.833263449,0.65275281,0.508217939,0.572570448,0.569317601
63,0.532135547,0.531001534,0.517765794,0.566955745,0.285307443,0.250314109,0.21661499,0.193580986,0.177359039,0.17280361,0.17946308,0.205381246,0.229129939,0.311834072,0.304017889,0.857575757,0.810944946,0.74675099,0.689954148,0.657874641,0.652880144,0.681502438,0.723530687,0.856977708,0.671046676,0.348104622,0.508312653,0.555762067
64,0.572373576,0.497038575,0.496167674,0.56171604,0.256580487,0.218045788,0.181805863,0.155920931,0.139280218,0.135832992,0.157154742,0.186144004,0.219845617,0.2897672,0.262155393,0.811515152,0.741750549,0.659503636,0.576790446,0.535616467,0.525858749,0.555974463,0.632569255,0.876734389,0.692482463,0.347871215,0.587259419,0.548555229
65,0.53255817,0.391576905,0.459946764,0.559163375,0.227259919,0.19268608,0.158570766,0.133547084,0.106642406,0.100915682,0.121814789,0.160086108,0.203646888,0.259502642,0.229834458,0.75859299,0.665155872,0.565726079,0.493096828,0.442276596,0.409921122,0.411981337,0.464616115,0.901610177,0.722612453,0.345780912,0.587125196,0.547723779
66,0.530984936,0.388537125,0.450531962,0.556923001,0.207799247,0.178265996,0.151797585,0.125154637,0.077958508,0.070358156,0.093004248,0.132714309,0.195999102,0.230522399,0.19641334,0.696927511,0.589593547,0.490959879,0.427304463,0.368845272,0.34676704,0.346531369,0.387539369,0.925100575,0.75078145,0.345466991,0.506502136,0.546548512
67,0.571186815,0.383167342,0.442744791,0.559389855,0.197359211,0.178707213,0.164542871,0.137324119,0.045827461,0.040526334,0.070140176,0.12010764,0.182993967,0.201701688,0.167925355,0.637454993,0.517094355,0.43688206,0.366383445,0.331334195,0.322731367,0.318240832,0.342563563,0.947520072,0.783685404,0.346866628,0.587171325,0.543865174
68,0.530949495,0.378359317,0.440965955,0.568285402,0.199071848,0.202176024,0.202854793,0.165948802,0.020886673,0.024232815,0.058997348,0.112196436,0.162276765,0.169459464,0.143109215,0.566415209,0.456648709,0.380685405,0.33499349,0.320037053,0.313489106,0.298463514,0.322325456,0.963788876,0.80527794,0.701836419,0.504932471,0.544107984
69,0.596204164,0.378520499,0.443402914,0.582243718,0.217894776,0.241869546,0.226630848,0.171245017,0.007016336,0.016915299,0.057093326,0.102917257,0.131624488,0.132143341,0.121066443,0.482353136,0.393993294,0.347473862,0.327407951,0.323782927,0.307212174,0.282678025,0.991299484,0.971438965,0.830745257,0.713063658,0.505005771,0.543674135
70,0.721736025,0.723598791,0.450811152,0.602253023,0.270875424,0.268611352,0.24157274,0.167472932,0,0.014571634,0.062048679,0.093545589,0.095812271,0.095382989,0.054969099,0.371569864,0.350130835,0.34113902,0.340577224,0.335187715,0.295484868,0.265368598,0.998223427,0.972918272,0.84533107,0.730479772,0.504318674,0.543920015
71,0.721736063,0.740264814,0.46191073,0.623843449,0.327903126,0.291534409,0.252727389,0.163883099,0.00029765,0.015815346,0.056052473,0.070375426,0.072515234,0.046750498,0.08110156,0.303404092,0.341333283,0.363493372,0.371952595,0.340926221,0.279269906,0.248619624,1,0.96926385,0.853158114,0.745417481,0.587183721,0.544173953
72,0.592314033,0.713274902,0.473792291,0.645180127,0.393339317,0.319187892,0.267065117,0.167700429,0.02909307,0.021771717,0.024090591,0.034052108,0.051365066,0.079817399,0.201924427,0.308284035,0.377622446,0.406948424,0.3978079,0.338593071,0.264067704,0.238571951,0.998355386,0.962401444,0.855050488,0.749619596,0.504985201,0.545753769
73,0.531015004,0.733959196,0.489117759,0.666341654,0.474900591,0.36714457,0.290773437,0.198810733,0.085025117,0.063032965,0.06311417,0.077689334,0.115282921,0.200570995,0.282078504,0.390167559,0.437479239,0.443610532,0.412746108,0.337626247,0.256894139,0.236452137,0.992802987,0.953061053,0.853818404,0.750392195,0.571741454,0.544076553
74,0.572830642,0.720598021,0.498538452,0.68515637,0.595929848,0.452374082,0.34634198,0.252742433,0.193672898,0.171692834,0.173996051,0.197918436,0.241297656,0.306830709,0.423137214,0.47358404,0.491847781,0.472955814,0.423092121,0.341396605,0.258787147,0.239184942,0.982922195,0.938403705,0.848628454,0.748992424,0.587163957,0.544252626
75,0.57265883,0.653359929,0.507347728,0.695083118,0.686987073,0.589749261,0.479527478,0.363086963,0.292978601,0.275298339,0.281424949,0.317426248,0.421912613,0.483143408,0.525501884,0.546740894,0.532885331,0.493000771,0.430639475,0.345596858,0.26714306,0.245598456,0.967720032,0.921186842,0.838046059,0.742614082,0.587177599,0.54598802
76,0.531501084,0.586214172,0.514340942,0.700572022,0.740795825,0.683805212,0.621739523,0.560310052,0.529032925,0.517536531,0.519027946,0.532758899,0.556979664,0.581209715,0.594912942,0.586670355,0.547087321,0.494841701,0.434209353,0.350261085,0.277286252,0.256153968,0.949620659,0.90377303,0.829319293,0.724991808,0.587330838,0.544757011
77,0.57200443,0.531128676,0.519696027,0.755252912,0.788650241,0.744251007,0.702875588,0.672901624,0.656172385,0.646558292,0.642512918,0.641144615,0.6421301,0.640576928,0.629237678,0.600175078,0.543015246,0.493163699,0.432816278,0.354249154,0.290518462,0.27008095,0.927581754,0.87920937,0.820011677,0.718098009,0.508056028,0.520977098
78,0.572790999,0.586158026,0.526549261,0.742616941,0.783907941,0.787306366,0.762503613,0.747756589,0.736728574,0.726068073,0.713327094,0.695844473,0.678373153,0.658254263,0.634480847,0.587892788,0.535662941,0.489367265,0.427103676,0.358947882,0.302330888,0.284622726,0.33492069,0.861834932,0.813134476,0.721787737,0.504254393,0.543865712
79,0.531414659,0.585785581,0.497764279,0.72277138,0.749929468,0.779257865,0.78205025,0.771078211,0.757390427,0.738833915,0.719724179,0.696699947,0.672557174,0.645683533,0.609160542,0.565953921,0.526816785,0.483892636,0.42119896,0.362879115,0.313911595,0.300113597,0.331556127,0.426557537,0.800653298,0.712700384,0.586950409,0.520892017
80,0.562616415,0.498360135,0.67056644,0.686161235,0.708178543,0.727151438,0.732942655,0.730164018,0.718211072,0.702257469,0.68296482,0.659223812,0.645789511,0.291487435,0.283515443,0.549840657,0.519453946,0.47913642,0.417214307,0.367320373,0.324842239,0.313604581,0.339116798,0.422349033,0.587131394,0.682959208,0.507643056,0.52129432
81,0.531180926,0.49864702,0.343517224,0.344723903,0.345026119,0.362055167,0.695013809,0.693653806,0.682942322,0.401055874,0.360895001,0.332675729,0.310015208,0.293093577,0.286566199,0.536760726,0.512985189,0.475512508,0.416218662,0.374747915,0.347338815,0.341916417,0.357258002,0.428401077,0.578119681,0.561224261,0.587099944,0.543408185
82,0.531612184,0.498069412,0.356339149,0.356511729,0.356521285,0.404061153,0.58617378,0.592532454,0.497948794,0.425122479,0.362867909,0.335671722,0.318922671,0.30714843,0.303899689,0.518332445,0.506203603,0.482609262,0.411275359,0.389737817,0.372163897,0.369547949,0.384571584,0.452088521,0.574852461,0.570758435,0.587295589,0.54348513
83,0.562745207,0.592471646,0.531150724,0.585771727,0.586022326,0.531110064,0.427195473,0.452289,0.592531783,0.480468264,0.453682305,0.450842928,0.432045712,0.384233063,0.510837072,0.515109262,0.512685121,0.487311252,0.404379718,0.387576326,0.397553501,0.410426083,0.426299147,0.445517623,0.569603008,0.570060478,0.587315564,0.528224059
84,0.530959589,0.592553811,0.58559504,0.585715313,0.531063724,0.585457767,0.498465709,0.498194635,0.497648919,0.592523416,0.497837502,0.498225644,0.454379456,0.41153893,0.516319433,0.518665152,0.516716364,0.504230791,0.582539411,0.583560768,0.496809524,0.587592682,0.574800269,0.510353794,0.516838497,0.569110597,0.509985033,0.587428257
85,0.465385996,0.431262944,0.402333653,0.380025779,0.382391118,0.453629035,0.37604268,0.373364934,0.368041259,0.418352428,0.393541479,0.39059303,0.389986383,0.390766543,0.390437205,0.391579126,0.389791414,0.393927104,0.418266811,0.450508548,0.451226797,0.397779395,0.418797464,0.420506822,0.459606918,0.459865339,0.420730678,0.460334908
86,0.37351082,0.42187782,0.399899843,0.452236697,0.511597265,0.382144967,0.452493247,0.2527421,0.246048132,0.244508265,0.257655659,0.261839073,0.280062778,0.389949716,0.390566547,0.417374783,0.389190998,0.506930976,0.593156339,0.524111692,0.54112938,0.538037544,0.505296401,0.459862449,0.420681905,0.459854338,0.420734529,0.458491283
87,0.431687571,0.369065085,0.39357889,0.379348872,0.259827323,0.094865754,0.53573895,0.543798757,0.544029314,0.25341152,0.257022193,0.260403728,0.136220427,0.389056298,0.275229074,0.572024425,0.597444637,0.604626796,0.614361913,0.631419666,0.636338488,0.631426564,0.621084679,0.607787038,0.598222879,0.559436303,0.419052498,0.421878947
88,0.368241204,0.368079741,0.463646145,0.451837005,0.324249194,0.311194814,0.277669734,0.264700507,0.238916548,0.225728556,0.206796244,0.202789156,0.213769358,0.225472273,0.247001926,0.589706905,0.62952448,0.663491751,0.694500634,0.71361949,0.722957435,0.717368953,0.689682911,0.660096453,0.627857951,0.574579044,0.459113524,0.422201576
89,0.368215391,0.421977001,0.463763299,0.277261037,0.323104727,0.302071848,0.278343489,0.258997112,0.243797645,0.208175302,0.191376362,0.185266041,0.190522067,0.20166528,0.208552399,0.206006063,0.658868141,0.695556404,0.738219381,0.761732107,0.776056894,0.769115123,0.738024442,0.693933122,0.646776157,0.48694242,0.481245089,0.448719588
90,0.43202917,0.367388793,0.382386078,0.222712127,0.310898853,0.29904976,0.291019533,0.275525852,0.253915794,0.200562375,0.171284445,0.161853881,0.161601829,0.173267174,0.176735943,0.178909276,0.656146529,0.698541456,0.753873958,0.792432394,0.811762807,0.802417843,0.775107762,0.728747256,0.65930856,0.476587943,0.486516735,0.422520851
91,0.432029187,0.432248485,0.384095669,0.218521522,0.303900684,0.308702082,0.322100856,0.323239319,0.298122819,0.182028233,0.147900359,0.139159445,0.141419547,0.136058448,0.143346024,0.15067609,0.63545316,0.688396454,0.763196318,0.808783467,0.842429136,0.83010896,0.808024285,0.757501765,0.660910288,0.462418908,0.495323751,0.458792039
92,0.368330941,0.420901731,0.463142262,0.210499175,0.302904434,0.338063625,0.385386336,0.382427768,0.337600687,0.164931327,0.129899426,0.117147192,0.107618367,0.10285275,0.109614996,0.123352282,0.599750653,0.656818804,0.764385529,0.811313064,0.872745634,0.84395187,0.824895906,0.788045681,0.654849389,0.449346861,0.520625996,0.448784179
93,0.431620851,0.367802161,0.456515318,0.202309378,0.306416124,0.400124887,0.464154987,0.443361826,0.353981675,0.140888092,0.106953076,0.092808572,0.083490685,0.083276582,0.090930263,0.106540181,0.573439041,0.630704935,0.755670831,0.805465271,0.899400196,0.841303368,0.821921313,0.804038906,0.643571687,0.427010169,0.520540611,0.422520904
94,0.432099546,0.43145261,0.456570754,0.194319611,0.314553522,0.493079216,0.563852811,0.544057792,0.364979862,0.118305679,0.087174469,0.074104607,0.070261424,0.592017454,0.621825316,0.978017886,0.558734405,0.603772948,0.738680856,0.797433685,0.916550154,0.845094909,0.817606609,0.804459095,0.226829965,0.412942164,0.520508683,0.422076625
95,0.368181253,0.450858989,0,0.189100605,0.884934383,0.578823226,0.666352342,0.678067952,0.374123729,0.101266987,0.075603222,0.066894304,0.561750232,0.626323193,0.657837899,0.991574993,0.561291974,0.591679467,0.720636247,0.78955362,0.926510074,0.853226613,0.814170542,0.800349032,0.225157002,0.395699244,0.277931402,0.44877418
96,0.432413586,0.367393695,0.213009402,0.186279752,0.895675195,0.656429063,0.726860208,0.735777207,0.385310121,0.088400837,0.070444597,0.53496863,0.618440822,0.727632481,0.853867958,0.998754434,0.572576024,0.590650515,0.706192023,0.779756917,0.930154258,0.86054192,0.811814896,0.789483606,0.232022119,0.374120306,0.273044043,0.458515998
97,0.432764544,0.368598423,0.238222168,0.189074543,0.900173587,0.715401758,0.762985862,0.760255855,0.397042039,0.080217594,0.075604426,0.572556173,0.698793387,0.789838631,0.862204372,1,0.587770433,0.600274797,0.698191987,0.773652084,0.93018247,0.864476998,0.808612921,0.772694591,0.244700279,0.351322259,0.261408803,0.448810719
98,0.368014087,0.374364246,0.262077379,0.196670492,0.900341587,0.756043059,0.783193054,0.772012236,0.415430493,0.079330047,0.54053148,0.633548083,0.7572589,0.812049401,0.869701681,0.998817533,0.60673137,0.613153315,0.697461671,0.766980324,0.92811101,0.863428057,0.801881227,0.746878653,0.262941824,0.335259139,0.263917981,0.422162283
99,0.368124863,0.450629404,0.305720204,0.208301397,0.895807413,0.782280115,0.793066686,0.777456148,0.461009591,0.531721343,0.594331013,0.71395155,0.788272754,0.821607126,0.876655563,0.994595722,0.62477672,0.631050551,0.704653601,0.761243624,0.9200658,0.852932691,0.786431843,0.700623255,0.283585082,0.324009821,0.328551753,0.448719356
100,0.367982194,0.377825558,0.296079709,0.231811646,0.88597954,0.802803214,0.801304048,0.782466625,0.576251276,0.595502437,0.687065425,0.770726828,0.804301864,0.824547864,0.876567314,0.983284956,0.641996038,0.660910666,0.721397923,0.931331152,0.898346231,0.825963736,0.754324802,0.621450164,0.30621863,0.320586913,0.328542868,0.448824205
101,0.367564895,0.45117598,0.291832594,0.248138015,0.868091181,0.818359839,0.810592794,0.791484845,0.7057301,0.7064481,0.768344588,0.805480306,0.808019846,0.814908255,0.86246358,0.946991302,0.978620663,0.966394137,0.947378668,0.917932515,0.862397935,0.781351282,0.695140946,0.489862361,0.322467734,0.323853828,0.335632666,0.448822717
102,0.450784408,0.382295068,0.292131298,0.269391138,0.845913577,0.827791745,0.820784398,0.811961737,0.787856934,0.793233482,0.81464719,0.814923531,0.787571407,0.764599872,0.820380311,0.882998961,0.930293185,0.935890097,0.918744921,0.87449551,0.798009489,0.714516946,0.597782116,0.420323339,0.332090175,0.336393233,0.351425938,0.422161877
103,0.450928909,0.452442035,0.299425239,0.51433024,0.816586087,0.822669761,0.825545611,0.823580084,0.821410845,0.821163439,0.815836469,0.785964587,0.72622595,0.688688295,0.719766504,0.79325987,0.857068832,0.86675475,0.848902517,0.776231534,0.705647597,0.613559037,0.476111399,0.381201529,0.340723695,0.35777565,0.3651539,0.422162187
104,0.367502665,0.456726841,0.318217471,0.536830743,0.785621535,0.803737415,0.816041351,0.819150158,0.817069065,0.808212824,0.783455014,0.735424418,0.667398393,0.613930147,0.633028102,0.677225889,0.700003069,0.703473369,0.693819826,0.662340902,0.585982858,0.491712406,0.415735855,0.363247783,0.350859115,0.383177644,0.400387294,0.457856389
105,0.367835,0.456724458,0.329127883,0.557031768,0.71641798,0.769862608,0.792066187,0.795015113,0.788322504,0.770350884,0.734063732,0.685038314,0.613005752,0.570071517,0.575930612,0.580940513,0.580052209,0.572909728,0.559307877,0.531191109,0.485880061,0.435354754,0.383338513,0.363890426,0.35983862,0.410994425,0.421050181,0.458524957
106,0.368242408,0.388583426,0.456749049,0.581722936,0.670976141,0.710487511,0.752407649,0.75155547,0.740111694,0.716668638,0.681909896,0.631282923,0.569208406,0.553712669,0.54369272,0.53504033,0.521470485,0.506084749,0.490201164,0.469085989,0.440541411,0.39815967,0.375272178,0.366430208,0.425687088,0.423290672,0.425331512,0.4584525
107,0.367943368,0.389850427,0.382217661,0.562614702,0.630684171,0.653480515,0.680624902,0.68260708,0.675890043,0.661675835,0.623268763,0.585682253,0.548364058,0.541889491,0.531032622,0.510582454,0.496756498,0.478747213,0.459499295,0.439567843,0.411946886,0.38536636,0.377228588,0.375864401,0.428274159,0.424720753,0.424727798,0.45846796
108,0.367463082,0.464421153,0.38204287,0.379232093,0.112992781,0.600584614,0.615551692,0.614660652,0.607222932,0.590729956,0.575108133,0.542862199,0.513742928,0.512086204,0.510877499,0.501564742,0.483984652,0.46904374,0.452781505,0.431480431,0.409136182,0.390860555,0.383907018,0.382846779,0.385414222,0.421359848,0.418418931,0.422521461
109,0.367515472,0.464265832,0.382206711,0.380602623,0.382232562,0.567370694,0.585234032,0.586968279,0.580346579,0.561208567,0.561452775,0.364791477,0.397706942,0.495222673,0.494038717,0.479562213,0.471570952,0.457152659,0.444891531,0.438608402,0.431321631,0.43201301,0.419526004,0.459884752,0.448984937,0.459862905,0.449050221,0.448719752
110,0.427033547,0.401249322,0.379661214,0.453058143,0.382244183,0.452204528,0.368660765,0.367377112,0.418242444,0.296113099,0.289340068,0.286584326,0.288721413,0.291100901,0.297714689,0.390816848,0.390676849,0.41774677,0.370395537,0.357719767,0.357717522,0.465183509,0.459802447,0.420988821,0.449037383,0.421033096,0.460584538,0.448784687
111,0.369060405,0.464357496,0.379946183,0.382102443,0.452439334,0.380550486,0.45085204,0.367395304,0.418351869,0.41737886,0.39045495,0.373715332,0.390747625,0.389545671,0.391586941,0.55887218,0.390735028,0.417730161,0.432362151,0.450715297,0.464247223,0.46515648,0.466002178,0.457680816,0.420428008,0.419356736,0.459871338,0.448784364
112,0.368206756,0.464692278,0.381180077,0.382242497,0.452349399,0.377891521,0.368504712,0.418855035,0.418876108,0.417407519,0.389031311,0.388461168,0.390884054,0.448839352,0.39155285,0.390725245,0.393926596,0.371883676,0.367447823,0.456508429,0.39741932,0.419030215,0.421285569,0.459830233,0.459831076,0.449093004,0.459815357,0.372699007
113,0.337000966,0.313267645,0.373436408,0.352841029,0.322046109,0.317223451,0.348533028,0.336305532,0.336908161,0.312352661,0.313908298,0.313076513,0.299044441,0.297263001,0.298917515,0.298936826,0.298697145,0.2971774,0.31324501,0.336682536,0.322030929,0.335832161,0.379973609,0.363149782,0.380793761,0.363096182,0.380393789,0.363093324
114,0.298846975,0.313012165,0.334671338,0.354493775,0.324201893,0.31819766,0.318021154,0.348424197,0.337380382,0.313473488,0.296108277,0.298985899,0.299034454,0.313111859,0.299014299,0.298937174,0.298697033,0.297027298,0.299386187,0.299887468,0.354334118,0.33495831,0.380436319,0.380624209,0.380837798,0.381072172,0.362213042,0.380789472
115,0.298384078,0.312081652,0.335672209,0.348277465,0.364453914,0.319502087,0.300878606,0.303773655,0.237205696,0.230207534,0.225944802,0.223939552,0.226576511,0.253090157,0.367948689,0.369576127,0.203444108,0.180154333,0.175941102,0.165280419,0.173943012,0.240511298,0.363045402,0.3133436,0.381008139,0.38161669,0.362927646,0.363144415
116,0.300122899,0.29660032,0.335051159,0.318716308,0.33924084,0.317305977,0.286609685,0.277491176,0.265932427,0.245711807,0.235350754,0.22583012,0.213113232,0.206079394,0.189676147,0.161491436,0.157768746,0.134374938,0.133297792,0.135562757,0.139290594,0.196338102,0.362686482,0.380836295,0.380861586,0.380454938,0.380404527,0.363284366
117,0.298382171,0.312948713,0.335321546,0.35443094,0.349728601,0.344067335,0.325556869,0.305967084,0.278447848,0.260399252,0.246036591,0.234111504,0.22086739,0.203850395,0.165600753,0.14916729,0.13664651,0.084901234,0.095189337,0.109514215,0.128942772,0.178013264,0.362950219,0.382188056,0.363395736,0.230324501,0.230221479,0.380703444
118,0.300064896,0.297002424,0.373223906,0.315083367,0.358492899,0.354844729,0.34036703,0.331470742,0.320653705,0.312197504,0.309995977,0.308110369,0.301864612,0.288703672,0.269403164,0.258935922,0.624867255,0.615527994,0.58659031,0.11391078,0.13290359,0.177534342,0.2337839,0.281094162,0.267865797,0.213978526,0.213619891,0.380766997
119,0.298372557,0.313500698,0.365280066,0.319388966,0.45770054,0.380069896,0.372308222,0.364035509,0.363606514,0.367641912,0.378290333,0.391706741,0.405727454,0.415606647,0.733162756,0.725081563,0.70088184,0.659828687,0.607724741,0.107401163,0.130222377,0.172472607,0.221819909,0.226612434,0.229722404,0.203240078,0.213822766,0.363237382
120,0.337300456,0.313141258,0.335383139,0.208524093,0.477192068,0.430459822,0.419354832,0.423001439,0.428430335,0.437632163,0.449449991,0.461521445,0.782224067,0.804403033,0.823796312,0.818898354,0.761698407,0.686525727,0.62207491,0.103625038,0.131933483,0.192991778,0.205776775,0.21430557,0.225477896,0.16859352,0.232143367,0.363385481
121,0.298044738,0.298307002,0.334905833,0.461050098,0.508159357,0.566890675,0.599846688,0.622589211,0.639214162,0.657680238,0.679312393,0.81706083,0.851400616,0.887793531,0.911632394,0.90699641,0.85585126,0.707793252,0.626359341,0.107704411,0.146041617,0.192096591,0.209620491,0.224214061,0.232366836,0.126000179,0,0.380979868
122,0.337461215,0.298212827,0.365383308,0.491493608,0.530281152,0.597599897,0.63769935,0.658538958,0.676141456,0.803341887,0.833362287,0.870136649,0.906276592,0.935570652,0.95270559,0.945829099,0.90516191,0.722337421,0.626012612,0.121844425,0.177174789,0.214123568,0.238956648,0.257390079,0.264915136,0.086971315,0.168135472,0.380989889
123,0.318002379,0.298307964,0.373749345,0.509075792,0.534831022,0.608074392,0.657589165,0.686518797,0.788583334,0.826337621,0.864672517,0.890106937,0.908850138,0.938382665,0.974185255,0.963361959,0.926473696,0.730899863,0.622565976,0.144886969,0.21839273,0.259010061,0.293276964,0.3098433,0.312803201,0.056277227,0.168019007,0.381177453
124,0.303299179,0.29857013,0.365677613,0.50622045,0.10062845,0.086163719,0.711708941,0.747505383,0.791812971,0.829714686,0.848135276,0.844329139,0.843070901,0.874791214,0.992844346,0.972212633,0.935174361,0.737384139,0.616831072,0.224475119,0.287648539,0.325257825,0.356761989,0.372281836,0.372942734,0.039724326,0.172302809,0.381245214
125,0.304306799,0.296535198,0.177628446,0.15258658,0.095022291,0.080268512,0.720971057,0.749822525,0.78300785,0.806032832,0.806908062,0.795638709,0.786109863,0.873740768,0.999511787,0.974900997,0.939064709,0.745078042,0.604155985,0.331322473,0.364441217,0.402391968,0.436532453,0.451862088,0.446069588,0.027899161,0.486012849,0.363224741
126,0.299763979,0.29856947,0.166984068,0.149983226,0.085801703,0.075325748,0.718081321,0.740742011,0.767674904,0.78122855,0.778799172,0.766840675,0.754417337,0.878404878,1,0.975026006,0.942042698,0.769025166,0.421335182,0.420611576,0.458796734,0.497241166,0.524172955,0.536336764,0.534853408,0.017215446,0.48688959,0.363486099
127,0.339139347,0.298437939,0.15002866,0.130581064,0.085850671,0.0794174,0.714194743,0.735757838,0.760257208,0.769102311,0.763428349,0.755523935,0.756057056,0.885385622,0.997397376,0.973283631,0.947536621,0.861113815,0.525924994,0.541098843,0.576832033,0.618180248,0.645067383,0.65354028,0.650134985,0.012724242,0.486603362,0.380986862
128,0.305862049,0.336702483,0.156614727,0.121612854,0.097342117,0.772506145,0.783731405,0.798865459,0.812702956,0.826327566,0.843359677,0.855556675,0.872571564,0.934115593,0.987426788,0.969351907,0.951801587,0.924315328,0.877504579,0.750686171,0.741655491,0.744509661,0.746123087,0.742010373,0.731317928,0.017350306,0.204379609,0.381299863
129,0.305898072,0.337666102,0.27607587,0.241452267,0.081202985,0.890877914,0.898160139,0.910658958,0.923049956,0.935893839,0.948461888,0.961398713,0.972228939,0.979648061,0.97163542,0.960580858,0.948081631,0.927454946,0.878541505,0.841037881,0.832561587,0.830764453,0.82818469,0.822124662,0.810806631,0.025440637,0.212023093,0.381030088
130,0.336570016,0.305283829,0.275467231,0.265883171,0.079329062,0.951481049,0.963002219,0.973124788,0.980700715,0.985453079,0.986335476,0.980368084,0.969152165,0.958498106,0.951912601,0.944996298,0.928082978,0.896926359,0.876912351,0.876382593,0.878365677,0.879419826,0.879409023,0.877154657,0.871488983,0.043134241,0.214117411,0.381097671
131,0.339931672,0.314288272,0.290262402,0.289942522,0.294654437,0.991712,0.993983827,0.992529243,0.986598266,0.973335672,0.954170228,0.932625545,0.917861014,0.909967402,0.91108222,0.904552153,0.871572447,0.829512363,0.679793404,0.678324757,0.678469434,0.67929833,0.681328632,0.893751413,0.888467355,0.068917852,0.205057211,0.381338351
132,0.301108489,0.363875588,0.282588583,0.300901128,0.320781414,0.676307703,0.7005452,0.722809159,0.751905786,0.784720841,0.802390667,0.803884383,0.796682633,0.797812364,0.805833022,0.800129676,0.762547039,0.619602967,0.607113287,0.600356302,0.598597621,0.598826679,0.598489258,0.591815804,0.569073281,0.113113664,0.199510746,0.381113908
133,0.303351569,0.330406913,0.283729134,0.322002889,0.336969285,0.630919844,0.644096562,0.646573566,0.638576177,0.623796393,0.607835279,0.593925545,0.591667866,0.608228512,0.67375403,0.689447123,0.681554836,0.583824258,0.554846915,0.542969521,0.539774703,0.540263867,0.541019677,0.537468958,0.51564129,0.161118942,0.214562253,0.381558445
134,0.337181044,0.364502074,0.342994112,0.329354548,0.35010676,0.511686399,0.541124354,0.554497537,0.557414941,0.552828689,0.544975773,0.539456373,0.545783811,0.570384461,0.64123587,0.655864115,0.652036475,0.575791065,0.537047903,0.520382681,0.511162195,0.505492632,0.50063931,0.493064674,0.469148734,0.321923442,0.379996419,0.381408715
135,0.298340633,0.36692986,0.343028617,0.339200934,0.357590018,0.456158213,0.489764176,0.505083433,0.508749207,0.507782819,0.506232085,0.509915252,0.530347597,0.56325279,0.624067574,0.636462377,0.631889102,0.586161307,0.548238429,0.524099818,0.503927324,0.49154278,0.47754858,0.464765044,0.431068933,0.35208477,0.364672789,0.381031545
136,0.336795861,0.373506644,0.361833693,0.346551226,0.361028501,0.427366837,0.456070902,0.472691776,0.482518027,0.488784031,0.492941262,0.497206008,0.530093435,0.565780613,0.607381443,0.618620937,0.614676916,0.587116535,0.552182347,0.521925195,0.50843086,0.490995799,0.463994713,0.454562808,0.410540896,0.373499651,0.364112654,0.381412196
137,0.298245423,0.335101677,0.315664483,0.350210206,0.36603675,0.406377813,0.423369713,0.443684379,0.461435604,0.475255539,0.480678703,0.476317925,0.527136847,0.558721348,0.585059958,0.596966022,0.59406798,0.575476471,0.549576428,0.528989487,0.46656904,0.463713206,0.453965408,0.429669203,0.411951055,0.360676302,0.374194718,0.381581599
138,0.299566256,0.335436414,0.355380457,0.316121563,0.372240708,0.397271474,0.412225896,0.42805463,0.444428171,0.455083912,0.461756261,0.455005476,0.497412849,0.528374771,0.541863467,0.566312069,0.559994941,0.538480508,0.514538276,0.487879859,0.449975885,0.450595127,0.486975296,0.421002746,0.404584076,0.380433644,0.379975426,0.381650999
139,0.312972961,0.335192764,0.316888557,0.354535324,0.324777844,0.817986301,0.422243337,0.429129177,0.432393311,0.427721702,0.40793879,0.124543421,0.465858954,0.503062642,0.50075445,0.526118332,0.520710302,0.51314387,0.491356235,0.464162914,0.335351515,0.36053081,0.474836964,0.474836947,0.380976399,0.380409364,0.379461269,0.381372223
140,0.29807534,0.375531656,0.318189905,0.35495443,0.354589566,0.319333328,0.34808416,0.298220075,0.299385054,0.313076594,0.299588787,0.299025603,0.313011689,0.362934643,0.29888514,0.489304905,0.480728299,0.475768074,0.457370464,0.318651619,0.373537153,0.37951455,0.363129447,0.363074705,0.381016118,0.362420168,0.380843068,0.336539364
141,0.607223732,0.547336419,0.532850757,0.614928867,0.52813286,0.526729792,0.525045674,0.612033851,0.524394928,0.609250337,0.586567273,0.584798423,0.552925414,0.574473914,0.570119331,0.553316036,0.552979662,0.583887907,0.585735812,0.609393432,0.530109013,0.547992338,0.602815622,0.60285892,0.570538773,0.603620027,0.54953672,0.602843502
142,0.582597601,0.585481483,0.532894458,0.614793884,0.614770589,0.613030778,0.61392596,0.52506304,0.52452368,0.524954711,0.586525403,0.552780438,0.552937607,0.583432909,0.583035552,0.584015651,0.55310304,0.583887605,0.551020506,0.524614844,0.529068452,0.54764545,0.602863791,0.607245834,0.571820731,0.571613748,0.607294691,0.548751479
143,0.52599329,0.586301137,0.533751246,0.528254995,0.61441512,0.526432786,0.524958372,0.524640104,0.524512091,0.533380006,0.551800742,0.583221945,0.582857809,0.552949565,0.457824298,0.449312911,0.448600427,0.448600461,0.448891655,0.738551256,0.738840385,0.730571629,0.70622083,0.57267537,0.54973712,0.574219803,0.571534592,0.602806015
144,0.525694773,0.543562378,0.614892186,0.514045377,0.512338149,0.508311609,0.524824683,0.61108971,0.609414678,0.526284384,0.548237043,0.245016009,0.407621969,0.410892491,0.444001239,0.464679649,0.479289696,0.483737526,0.490607287,0.77316328,0.772741662,0.744448165,0.729877107,0.066097913,0.619227153,0.618750103,0.572040227,0.602822189
145,0.535087134,0.585997749,0.532101927,0.421207982,0.424352305,0.431227373,0.393703916,0.382315685,0.37662424,0.360485294,0.349602262,0.341178512,0.343335986,0.349458663,0.366585601,0.423664879,0.466974406,0.485729399,0.504259674,0.518445274,0.755152866,0.746778948,0.730122812,0.709864752,0.682567837,0.621814851,0.571923249,0.602805797
146,0.532194301,0.533874691,0.529893128,0.422878697,0.413581028,0.398723856,0.30695161,0.290080194,0.276810736,0.263752495,0.259037554,0.255853392,0.256946825,0.266284333,0.287058811,0.379668464,0.434359705,0.485514321,0.502514253,0.772983185,0.766336649,0.750030643,0.731521698,0.715814993,0.688667018,0.623742298,0.570661613,0.573680695
147,0.526115156,0.586545305,0.529399921,0.415254633,0.399146221,0.356074817,0.269473331,0.228558964,0.204742075,0.189540031,0.177833263,0.171783376,0.173246302,0.184373099,0.202651681,0.330717475,0.409034106,0.520586423,0.540007782,0.805486047,0.786445216,0.75069516,0.718907622,0.704451132,0.68527028,0.635073627,0.603210174,0.602863371
148,0.587123546,0.543661872,0.614882294,0.415359502,0.402529507,0.318822836,0.237699229,0.194573341,0.17796917,0.162067372,0.148417538,0.141449559,0.139483987,0.148059196,0.173794563,0.318289892,0.378173594,0.549159736,0.56269355,0.832427794,0.813845538,0.76048424,0.709936013,0.690915253,0.674314961,0.644627255,0.194546603,0.573850142
149,0.586076334,0.544606466,0.529720608,0.527973239,0.427676035,0.280319247,0.225463682,0.215390479,0.22359653,0.234953286,0.240714163,0.238957052,0.231824145,0.22307514,0.28878448,0.321493906,0.365107257,0.569712955,0.594073318,0.851550955,0.839800889,0.763731316,0.702136137,0.677690252,0.659256651,0.646219202,0.607624028,0.550607446
150,0.586553098,0.607990448,0.528662412,0.662221048,0.445360371,0.274574964,0.248087039,0.265501006,0.296006032,0.335427579,0.406080374,0.490317704,0.554559214,0.617509713,0.651744207,0.349642537,0.379491141,0.593670722,0.621110227,0.860803109,0.859820307,0.764851789,0.680413118,0.662025367,0.633483427,0.641616083,0.611020598,0.572645122
151,0.608455187,0.609441433,0.614746337,0.684526943,0.452937946,0.296451003,0.294013151,0.337272796,0.403631169,0.478861688,0.549504742,0.608272909,0.64775035,0.673416655,0.693005999,0.381220169,0.399866431,0.619356677,0.647699796,0.866722196,0.871617584,0.768224325,0.664780446,0.621014394,0.614626436,0.633491187,0.613284385,0.548931557
152,0.609426048,0.524688373,0.61486649,0.695864116,0.460485358,0.328864935,0.350877418,0.434371428,0.517164811,0.597574859,0.676540556,0.704287312,0.692259219,0.690148503,0.713137021,0.401362007,0.423892924,0.641113018,0.670602642,0.873200612,0.878283602,0.771625783,0.654797064,0.590460359,0.591705116,0.623122876,0.611673947,0.550527938
153,0.524586124,0.524908793,0.614850585,0.725807302,0.466751937,0.356513741,0.416484778,0.511706919,0.605760957,0.729583788,0.788984796,0.779825586,0.68974683,0.678905214,0.720694241,0.416724982,0.446879426,0.668148011,0.69324439,0.881251996,0.881903783,0.771526255,0.645285861,0.566256543,0.567416166,0.609490475,0.605417093,0.550528677
154,0.524663953,0.609402586,0.53234183,0.736560861,0.473893544,0.383309555,0.469929112,0.56766287,0.704167932,0.821685891,0.913344804,0.933633684,0.576314866,0.638276163,0.712339452,0.427293945,0.461549365,0.69528339,0.713663012,0.88940096,0.879836987,0.762639026,0.627254403,0.541259257,0.541496908,0.597183531,0.59468515,0.548970992
155,0.609314747,0.610260432,0.699651074,0.749162711,0.482137283,0.404251112,0.506665951,0.606383957,0.778836922,0.903521882,0.969218021,0.93547786,0.525625409,0.601378544,0.690694514,0.435837579,0.818298206,0.719804274,0.735075186,0.886893308,0.85597769,0.731174223,0.595151954,0.503657534,0.510859939,0.584127204,0.590153008,0.549823918
156,0.524707486,0.524831602,0.720631981,0.760718599,0.488914939,0.420000913,0.530555462,0.633327568,0.828528914,0.939862658,0.990043187,0.932635177,0.495383462,0.565363208,0.659224908,0.744542738,0.811372618,0.837036539,0.860794006,0.858664715,0.791872624,0.66296368,0.547970907,0.444085618,0.463166538,0.571997937,0.578579879,0.602809845
157,0.524756192,0.610422304,0.733526999,0.762771212,0.495946537,0.43322761,0.548399184,0.658246791,0.85915856,0.961578337,0.997739253,0.9297147,0.468343715,0.523030455,0.603611545,0.69342262,0.768067862,0.808773869,0.819400607,0.794252466,0.705269325,0.578600083,0.484254549,0.359253503,0.41993343,0.562409426,0.573747993,0.54951005
158,0.524532279,0.609470724,0.734471601,0.75936684,0.507407592,0.446204899,0.568907056,0.689447103,0.881390926,0.97547234,1,0.927300126,0.437392475,0.478965214,0.539721693,0.608200404,0.682768237,0.713053616,0.716284804,0.685080931,0.579030006,0.493528571,0.393254107,0.297638052,0.296777468,0.552573891,0.450368252,0.603650829
159,0.609200456,0.524686559,0.731715665,0.747372018,0.519232363,0.461764747,0.591836656,0.732524554,0.902546789,0.984469426,0.998736399,0.923633397,0.400591277,0.434310562,0.473471918,0.523766722,0.559021538,0.572237839,0.568280932,0.539727437,0.475617097,0.397200031,0.313389869,0.229707148,0.277571221,0.54492937,0.44496602,0.571593291
160,0.524828882,0.524785349,0.716121404,0.738134812,0.849410944,0.927525979,0.622954974,0.788101404,0.922831453,0.991388279,0.994681995,0.917873553,0.370902059,0.386339806,0.412840193,0.443225134,0.46065116,0.462738799,0.453388695,0.42824875,0.375982899,0.312735798,0.238294584,0.215597126,0.274223072,0.536846931,0.439309643,0.550604691
161,0.524927738,0.524209308,0.708712914,0.713413537,0.854942083,0.925691434,0.665929706,0.836060941,0.941171572,0.996275,0.988611735,0.907772495,0.368603809,0.355931789,0.362448515,0.369961698,0.369846114,0.36134121,0.349734238,0.330426986,0.293309098,0.239012409,0.210059156,0.23812193,0.288997443,0.530058392,0.414329555,0.602821585
162,0.60921369,0.614735387,0.698773736,0.701661976,0.855131986,0.91846649,0.708526009,0.865891843,0.956879453,0.998801665,0.981498546,0.898234857,0.395703346,0.355964707,0.335721124,0.322259665,0.309386909,0.293911037,0.278767877,0.258264775,0.232434616,0.212661466,0.22855191,0.270897091,0.303980612,0.359553331,0.412389915,0.603650779
163,0.608359303,0.614901844,0.693951382,0.693803921,0.84872191,0.905665584,0.726480646,0.887137929,0.969938198,0.998308105,0.972326731,0.888753977,0.435811714,0.381033877,0.351113021,0.317664238,0.288471183,0.263879668,0.243846058,0.230232568,0.222559663,0.234079468,0.265945608,0.303431746,0.336824332,0.356981218,0.425409494,0.603619943
164,0.532459127,0.61480942,0.532186709,0.662170041,0.838519892,0.884975438,0.73645988,0.900464591,0.977596542,0.993883352,0.961818038,0.87889718,0.484725149,0.415823787,0.384368558,0.354162553,0.319742842,0.293348903,0.270787721,0.259718498,0.25940127,0.271909974,0.308034361,0.345621203,0.356991127,0.366463601,0.268804145,0.550002551
165,0.586187417,0.530360168,0.614804935,0.652692361,0.811627569,0.851486747,0.741424514,0.904073301,0.977667737,0.98105297,0.941637957,0.866699934,0.559605254,0.486936502,0.418183273,0.40543591,0.385481909,0.359545907,0.342144436,0.338685068,0.344776305,0.363691424,0.373219859,0.384850613,0.384126371,0.390868119,0.571642921,0.574294206
166,0.586132581,0.528900366,0.614579376,0.642559132,0.78556787,0.81021088,0.808779041,0.805181164,0.828084984,0.858837437,0.860779798,0.826224197,0.571485987,0.564097306,0.497143864,0.494154291,0.496793417,0.51027577,0.523774112,0.67489735,0.678692991,0.678716336,0.672236727,0.549828385,0.572085675,0.602815488,0.603219462,0.572063808
167,0.543246326,0.61483562,0.614826164,0.528429463,0.748469734,0.775263532,0.787362568,0.777718952,0.796923267,0.783919912,0.780642999,0.767913615,0.704163045,0.664554115,0.583336253,0.552957291,0.552958971,0.551866076,0.608157006,0.528489724,0.239223625,0.574185323,0.603069347,0.571772966,0.572080418,0.602816915,0.549411193,0.602805831
168,0.551907459,0.53154893,0.614338668,0.528746186,0.614474171,0.436155175,0.728206282,0.085241245,0,0.73032673,0.716261274,0.137578744,0.582833003,0.549650256,0.583411764,0.553015201,0.553397358,0.552563142,0.525373918,0.528073473,0.433623472,0.60284367,0.573220256,0.570630273,0.603035001,0.602821988,0.572105628,0.534181404
169,0.572043976,0.52024011,0.451270868,0.444514127,0.566904331,0.446470767,0.569235665,0.568511655,0.444783341,0.566236173,0.548731309,0.540616464,0.449767605,0.481022319,0.485068766,0.477945899,0.483548105,0.494006056,0.46392884,0.451693806,0.444308345,0.446572944,0.576539671,0.561327038,0.57867039,0.475200894,0.467139168,0.558866004
170,0.480473041,0.539830287,0.444818689,0.557503764,0.566227547,0.446687985,0.569311712,0.445131329,0.557248589,0.556644123,0.444425241,0.451193812,0.516572836,0.485674939,0.47590005,0.478259332,0.478815011,0.489874047,0.451879595,0.450533069,0.444401411,0.446208433,0.576601302,0.575254861,0.578649212,0.474017391,0.578650111,0.52037443
171,0.452287512,0.450482616,0.698845893,0.714993706,0.568532712,0.304838837,0.318682199,0.55741174,0.557308911,0.546121751,0.542217067,0.524309944,0.517866037,0.477672672,0.487119076,0.484784636,0.68127426,0.494006045,0.472214705,0.446054928,0.685490755,0.694365625,0.450003565,0.475240286,0.484470286,0.578425438,0.475224629,0.559605338
172,0.521727669,0.523872892,0.444594591,0.406858219,0.406497649,0.446620384,0.319962636,0.319325201,0.554379258,0.71278228,0.713575723,0.451453853,0.4502625,0.487357351,0.483539453,0.459957415,0.463383658,0.460191145,0.459099739,0.460070309,0.545367462,0.512980213,0.451307008,0.560676266,0.499359177,0.578006595,0.578625707,0.520775181
173,0.451429033,0.342942347,0.321794342,0.389991423,0.37549747,0.343799731,0.337206055,0.336102745,0.333780709,0.330660164,0.329323082,0.324756711,0.322482126,0.323392569,0,0.301651494,0.294374163,0.278347968,0.264255178,0.251606128,0.232939857,0.18547882,0.576246333,0.574841093,0.578463548,0.458144723,0.476168628,0.520700466
174,0.522188593,0.332761396,0.325564664,0.30086612,0.275706287,0.267134154,0.261000036,0.242934341,0.23814604,0.230716142,0.221649238,0.197175729,0.181791056,0.173969627,0.165179506,0.152322307,0.143982841,0.143090703,0.148830643,0.162870979,0.207950855,0.228942122,0.265858616,0.480779364,0.474438567,0.457013893,0.506169674,0.520845304
175,0.520932262,0.741305071,0.771804412,0.808235725,0.819539646,0.832246695,0.848338165,0.866730198,0.883963694,0.900024351,0.909706736,0.912255017,0.911217233,0.902711815,0.115834662,0.099022968,0.084163545,0.075257674,0.07220941,0.080647697,0.11682512,0.190412891,0.232466018,0.578158295,0.578637595,0.578005341,0.562210235,0.559219546
176,0.521917232,0.752427153,0.817863947,0.843363335,0.868564427,0.891519058,0.913543856,0.931193254,0.942237176,0.949543486,0.955079029,0.960048793,0.96899928,0.97357693,0.976565735,0.980578564,0.984168591,0.987634487,0.988617732,0.051427876,0.058351496,0.108108509,0.19363799,0.541388099,0.562263758,0.457773322,0.507519468,0.558813847
177,0.539362301,0.763462194,0.853355651,0.90334139,0.930632623,0.95201442,0.964908311,0.973756683,0.977839604,0.977239508,0.9699244,0.957158851,0.940756074,0.918622865,0.899908977,0.888634327,0.884440827,0.886530989,0.897402246,0.915155509,0.042832518,0.055216545,0.131935973,0.553672242,0.575180468,0.457052108,0.561904697,0.55881367
178,0.541307349,0.767630071,0.868856803,0.961347014,0.981585826,0.991793796,0.992404941,0.984916751,0.968353359,0.942174255,0.906328027,0.868369871,0.837372654,0.807633774,0.78377337,0.772373089,0.772447413,0.780023146,0.795449182,0.825331831,0.870497185,0.040561727,0.08378394,0.55719988,0.561447382,0.457738828,0.501081951,0.521075171
179,0.541610435,0.782599426,0.864125543,0.999248796,1,0.990408138,0.969055237,0.933338497,0.883380985,0.834677767,0.798082295,0.761323664,0.721286145,0.686866145,0.659701128,0.646151184,0.652408411,0.685742758,0.729127964,0.755945441,0.781675682,0.540106026,0.040966892,0.55353285,0.578063895,0.578129502,0.562281578,0.521126859
180,0.451539435,0.785179397,0.865601245,0.992501927,0.971547895,0.935384961,0.877235005,0.821905046,0.780951247,0.742886765,0.695715602,0.647453157,0.600402746,0.55941926,0.538861385,0.544527856,0.572483981,0.620301357,0.685774573,0.727637689,0.747405102,0.752256573,0.016660669,0.547768299,0.720122292,0.514016465,0.56231223,0.521584067
181,0.121207672,0.780223643,0.86342992,0.937566417,0.885505151,0.824924206,0.779063105,0.74052593,0.692442197,0.63629751,0.575924359,0.517997251,0.467815016,0.453122192,0.48683971,0.538980262,0.592998533,0.634119701,0.682014174,0.716868902,0.737730076,0.742847133,0.00371324,0.538075698,0.724241395,0.467026368,0.519878544,0.521256092
182,0.210064951,0.755333931,0.854360203,0.831241309,0.78423543,0.745753379,0.704164313,0.648582236,0.582105573,0.515243301,0.452919756,0.404257921,0.399258282,0.475402173,0.541768966,0.610305581,0.65014279,0.674574227,0.687761244,0.715708321,0.736580629,0.739925751,0.000433102,0.529625132,0.723594578,0.578533133,0.560736246,0.521125176
183,0.451271305,0.754426458,0.838700458,0.746481128,0.714694179,0.674285041,0.613683227,0.537922339,0.467103194,0.405736667,0.360592161,0.34007073,0.454703907,0.544010757,0.628693298,0.673624464,0.679141035,0.667162549,0.673778657,0.715938194,0.73777932,0.74276005,0.00353578,0.527336724,0.699552763,0.458469736,0.561656712,0.558770819
184,0.45191093,0.713812757,0.817535232,0.68072323,0.643102503,0.581148347,0.50181115,0.433691374,0.374856366,0.337360395,0.315720976,0.253346248,0.527078706,0.625755989,0.694884236,0.689238426,0.649115847,0.626619044,0.651371752,0.717099733,0.740751571,0.749482025,0.0119749,0.527123623,0.693981444,0.578012826,0.499144388,0.521449085
185,0.451061322,0.713522445,0.785952721,0.598945829,0.543506959,0.475584116,0.410570708,0.358768064,0.327132453,0.309854779,0.246760391,0.207561451,0.596932493,0.70832383,0.711450025,0.657133791,0.597338137,0.591401307,0.642389743,0.721430665,0.747333259,0.761008647,0.0267679,0.584018243,0.685635807,0.458197,0.578445441,0.558777449
186,0.445830694,0.715623188,0.760827757,0.48164662,0.444421217,0.394343453,0.347917239,0.322662401,0.312837789,0.271871856,0.202288637,0.184562206,0.673846143,0.745516668,0.707836148,0.618753208,0.571675903,0.579453926,0.660622329,0.731721944,0.763440511,0.750050161,0.608492899,0.588982066,0.676515907,0.45787209,0.477484955,0.55765543
187,0.451300618,0.711505669,0.728448936,0.391214777,0.373954033,0.342025045,0.32251,0.319220626,0.303937588,0.233624222,0.179089374,0.166063805,0.751831977,0.770045779,0.708630633,0.614367862,0.579588189,0.612659557,0.705657297,0.75683808,0.794244424,0.73520626,0.620099869,0.593449418,0.656392907,0.578203047,0.52048932,0.521857606
188,0.447770968,0.711878342,0.704614854,0.344841518,0.335775011,0.326178687,0.330510724,0.332083787,0.299484902,0.219564163,0.160620994,0.154524591,0.811779573,0.800623571,0.743167007,0.667914921,0.657024671,0.703896246,0.762249388,0.811066292,0.791835534,0.720183533,0.627308078,0.600887656,0.640526816,0.467613705,0.475007349,0.555271805
189,0.523232939,0.710872987,0.683218442,0.354365915,0.344606787,0.346350785,0.353287206,0.346923653,0.294808578,0.211104236,0.150996776,0.144247072,0.863457044,0.854411052,0.812267589,0.78661899,0.782760792,0.800121212,0.83709114,0.833730069,0.767078249,0.705471706,0.628437292,0.608392306,0.630412555,0.578095827,0.476206384,0.521898291
190,0.516711727,0.503448019,0.668014471,0.396954905,0.380087588,0.377764822,0.377083272,0.358437432,0.294229809,0.207115757,0.145432753,0.13500717,0.899620478,0.900274738,0.888850565,0.879505421,0.877281539,0.878965201,0.862493709,0.805752949,0.745663387,0.689362755,0.618165996,0.605740065,0.520781461,0.457864835,0.574748049,0.557000868
191,0.517505732,0.494156288,0.65854453,0.435913996,0.414530604,0.404377736,0.390526535,0.377254248,0.235726851,0.177553817,0.135274694,0.131002305,0.136306808,0.919758928,0.924568931,0.920779303,0.909575142,0.8779963,0.82793192,0.775268953,0.726086882,0.390778841,0.393549719,0.603076857,0.520392271,0.457734116,0.574835892,0.558147837
192,0.451239866,0.074403396,0.652470491,0.460943287,0.440160627,0.431184383,0.466852369,0.457062428,0.254528552,0.20078256,0.165935922,0.137265577,0.132175436,0.144533527,0.861986158,0.865439733,0.853569116,0.833111605,0.789337372,0.745833978,0.386484477,0.390589809,0.400706881,0.494349353,0.506030512,0.578360788,0.476581642,0.557001295
193,0.451640768,0.45135621,0.644540104,0.473791761,0.471236161,0.479338427,0.471982862,0.461653379,0.279395051,0.246558058,0.206306762,0.172689462,0.155064769,0.157651036,0.804034032,0.811071775,0.807028966,0.786813691,0.758829087,0.382787915,0.384660568,0.390915292,0.33572756,0.474781813,0.557285079,0.578140374,0.562212552,0.521216022
194,0.450977699,0.450627199,0.62984911,0.525025831,0.514468737,0.489263569,0.477032392,0.452125062,0.24068936,0.297257642,0.289448701,0.283406212,0.279098317,0.280081146,0.29096856,0.306237963,0.321325027,0.348286211,0.37214847,0.38452814,0.391028623,0.40720184,0.476037419,0.474168978,0.559687683,0.45840125,0.561329274,0.521959804
195,0.494973633,0.520016247,0.544837385,0.529454572,0.53561769,0.989002049,0.446429946,0.556014141,0.445113827,0.44486958,0.44437976,0.569131859,0.58129591,0.597446548,0.595636462,0.598552063,0.608240729,0.608335489,0.727066822,0.917390441,0.568956119,0.513400759,0.574758693,0.475008892,0.561439291,0.57845408,0.502328343,0.521405454
196,0.520557144,0.450099373,0.444450665,0.566502483,0.446447354,0.446688068,0.445650513,0.556609875,0.556624239,0.54590038,0.524276394,0.516562641,0.478525251,0.578664288,0.516531822,0.485384586,0.480484351,0.478093265,0.45146656,0.541342238,0.568956885,0.57645928,0.475067913,0.475204771,0.520434108,0.578628113,0.559646769,0.451646595
197,0.588674371,0.665604019,0.605006119,0.612982131,0.636702776,0.640622146,0.669955367,0.670036655,0.672969602,0.795552944,0.799201734,0.783299591,0.782779911,0.670148654,0.670164649,0.670239096,0.670739358,0.673010213,0.758258851,0.616368483,0.60608886,0.600335782,0.588674402,0.588674317,0.588663786,0.598935988,0.588677187,0.588678579
198,0.670305471,0.669704109,0.630019736,0.612724573,0.61695711,0.650646964,0.669720158,0.786669855,0.825795327,0.829817101,0.816106017,0.804856971,0.79140958,0.778916715,0.772428386,0.670331766,0.673138311,0.499912134,0.501440916,0.636658808,0.605055973,0.588920869,0.598935883,0.588674023,0.598935879,0.588674449,0.588677256,0.588678803
199,0.6536265,0.669776142,0.599174611,0.636440735,0.616843456,0.647301916,0.489639673,0.844690804,0.889233764,0.893005521,0.881151915,0.859067893,0.831370046,0.808319974,0.786749429,0.755923709,0.626939256,0.744782238,0.755215364,0.760005969,0.625289162,0.600070802,0.598935794,0.598935864,0.659324306,0.598935346,0.598935686,0.59893528
200,0.650390233,0.654708162,0.594782728,0.636440573,0.554930699,0.553184293,0.462708243,0.870121591,0.913949647,0.918604244,0.901945801,0.874313358,0.834667556,0.817073909,0.795621056,0.779149793,0.775609087,0.586946335,0.5899535,0.610753203,0.605079487,0.612144697,0.606109453,0.68796505,0.650932514,0.640401823,0.598936084,0.588674298
201,0.649048291,0.669121865,0.594767568,0.609778532,0.552038317,0.549314506,0.444431079,0.885392735,0.921056365,0.927584373,0.920808081,0.377591903,0.417613798,0.441131882,0.467936323,0.497823358,0.513032927,0.545695015,0.564490668,0.583398328,0.638346416,0.620700794,0.619118344,0.607132203,0.60135886,0.585986596,0.569951996,0.598935798
202,0.648217753,0.669532093,0.589000807,0.607687161,0.553580666,0.54892941,0.423450368,0.885786417,0.241978295,0.230171375,0.239033782,0.355631653,0.403379338,0.434734375,0.462977875,0.494164745,0.519047589,0.542225701,0.565795886,0.589420988,0.627882843,0.621431515,0.60608063,0.588894799,0.574144912,0.547175795,0.53609064,0.884243852
203,0.640333123,0.670608409,0.599950837,0.608960705,0.547956955,0.555191506,0.404253005,0.319011053,0.220251788,0.200837466,0.206468524,0.341132309,0.394839299,0.433815305,0.466966003,0.493778581,0.528534682,0.55342922,0.573320048,0.598501807,0.623964159,0.606894906,0.58721046,0.554290125,0.53030867,0.516552756,0.507228989,0.800667447
204,0.648228968,0.670035777,0.588898953,0.605273911,0.706842235,0.564745403,0.389069154,0.305009794,0.186777547,0.150060417,0.148599856,0.33164896,0.390019333,0.43381068,0.47153688,0.50997783,0.54573324,0.582860464,0.611853783,0.611053503,0.610806375,0.585513363,0.546192922,0.498941025,0.465528847,0.459659868,0.480467259,0.810860534
205,0.650484914,0.670128621,0.588896667,0.606311809,0.713902994,0.706090127,0.379031953,0.285570906,0.145101536,0.084590256,0.062305054,0.327480474,0.385959396,0.43486141,0.483816298,0.539030536,0.584394134,0.609386765,0.629678931,0.62483218,0.589896387,0.541195568,0.478673501,0.429931735,0.397138072,0.39153888,0.45326185,0.820346482
206,0.666872174,0.669559197,0.600220086,0.63205583,0.715203965,0.71706657,0.372882173,0.269357488,0.095683633,0.046744105,0.029843751,0.323774648,0.385405235,0.446313569,0.515135802,0.586807474,0.63275099,0.643325909,0.649319292,0.605627785,0.538564156,0.460678236,0.402051488,0.35937937,0.326870452,0.319480859,0.430326237,0.83414025
207,0.648245343,0.669320614,0.600191247,0.604752591,0.711466063,0.73010775,0.368914449,0.250619272,0.062777367,0.034150441,0.016832969,0.319770571,0.391504058,0.473419077,0.572135894,0.662853297,0.668916417,0.663263531,0.664221104,0.537247274,0.439758011,0.378510354,0.322864148,0.279786948,0.24736537,0.238971223,0.402676608,0.852471124
208,0.651187783,0.668847135,0.588997218,0.630897649,0.511732466,0.752608688,0.368530158,0.234580566,0.049970472,0.030229745,0.010157971,0.309690566,0.436250751,0.460328256,0.712680878,0.690042819,0.685181828,0.677954943,0.681831985,0.407553733,0.341943433,0.285034241,0.238377073,0.202153172,0.182159921,0.18283971,0.384164184,0.87394712
209,0.648292741,0.669320469,0.600913623,0.6302454,0.508325973,0.764086766,0.370543566,0.221114673,0.045326425,0.02798513,0.005645476,0.29492326,0.444092205,0.465221423,0.727096222,0.701920125,0.695738648,0.686397942,0.351385387,0.293281273,0.23833345,0.191975183,0.160542968,0.148473811,0.152983305,0.164950735,0.228777518,0.893313363
210,0.647122223,0.652464328,0.607786997,0.600647812,0.508076838,0.774208671,0.37466091,0.211524584,0.04369044,0.026252306,0.002969388,0.286432739,0.445336953,0.467026736,0.736447014,0.717112545,0.309244427,0.282743806,0.227648713,0.174896281,0.137367006,0.122817325,0.124474534,0.128652952,0.133232584,0.144490927,0.20063692,0.902865397
211,0.648102722,0.667762266,0.608576213,0.604681381,0.50925854,0.779218059,0.379764771,0.205983589,0.042610302,0.024938085,0.00114183,0.280225351,0.442906721,0.746963706,0.741293464,0.27939817,0.212189151,0.144873146,0.108162637,0.092134883,0.090276324,0.095457346,0.098070071,0.099503345,0.102371253,0.111321186,0.149870824,0.906316998
212,0.647036115,0.667846074,0.609383441,0.600647746,0.513295002,0.780538654,0.388043856,0.202334535,0.043164046,0.024806347,0,0.271864866,0.313809859,0.28101816,0.19954286,0.127350425,0.087854986,0.070053383,0.063830959,0.067817493,0.079737124,0.089939028,0.098989017,0.107683951,0.115498613,0.125225699,0.151636814,0.890712379
213,0.646613287,0.667524843,0.610485804,0.631287404,0.522917313,0.776001624,0.398990258,0.202321108,0.044708576,0.026643064,0.002612354,0.095609317,0.109286584,0.099515349,0.071570996,0.056621709,0.050354485,0.051698779,0.065409707,0.086378831,0.107373201,0.124537742,0.138210369,0.14983345,0.157886712,0.167464642,0.182503992,0.876742662
214,0.638803621,0.667908601,0.62357367,0.627007907,0.524181243,0.764333148,0.414989734,0.210708603,0.048885817,0.032396208,0.022674227,0.041531711,0.046794845,0.045201122,0.044080826,0.046363,0.057594798,0.082886947,0.119233677,0.152299958,0.174468458,0.187310933,0.194797117,0.19803394,0.200925734,0.206144625,0.213056646,0.857080148
215,0.638241694,0.655326715,0.626461937,0.63146495,0.640850846,0.751299316,0.431787263,0.235943515,0.062647486,0.041600705,0.035719289,0.038677725,0.044235335,0.053268988,0.067542509,0.092749267,0.142071632,0.18862008,0.219082454,0.239051138,0.255795251,0.888614214,0.895856275,0.901134862,0.904134107,0.90504835,0.900380882,0.836930394
216,0.638821326,0.665998192,0.624233364,0.607659943,0.646114061,0.729543641,0.443599086,0.271845065,0.110965637,0.074814936,0.070351139,0.081590238,0.105813016,0.145773962,0.187685664,0.225726234,0.254024342,0.275518313,0.289838242,0.856036086,0.86787939,0.872138743,0.875552042,0.879953915,0.885510396,0.886709122,0.88138097,0.81526281
217,0.638237007,0.666495316,0.600494359,0.636644758,0.636957523,0.710395323,0.686501309,0.3134316,0.233407921,0.194308685,0.188916598,0.201618981,0.228012121,0.256521603,0.28022266,0.296334506,0.316365099,0.336345324,0.773819568,0.791194756,0.802958052,0.810060533,0.813993574,0.817897161,0.823023236,0.827369883,0.820138496,0.791751424
218,0.647527437,0.664944519,0.605110468,0.614599843,0.732195666,0.731293505,0.686135793,0.348376768,0.308143406,0.287838446,0.281493937,0.286142997,0.300144689,0.315818781,0.329331268,0.340144555,0.354995209,0.393509051,0.712017007,0.72173618,0.724884295,0.729491355,0.737177202,0.761660742,0.768126353,0.772644897,0.762681925,0.750782877
219,0.664900566,0.645448763,0.605048018,0.614123458,0.728254945,0.740731629,0.680468784,0.380253759,0.357217919,0.344893145,0.340262587,0.344001208,0.354131242,0.366925142,0.372398475,0.379457934,0.393424526,0.428936803,0.483799158,0.667716314,0.679564042,0.689539018,0.695924738,0.701923714,0.723967863,0.733765713,0.741753872,0.731333717
220,0.665455466,0.640307888,0.63021478,0.611682405,0.647769222,0.667773897,0.671240444,0.411528603,0.397457129,0.393236882,0.391267809,0.392539706,0.396555106,0.405040213,0.405322994,0.409315314,0.426156127,0.449720325,0.487502494,0.635334323,0.643735276,0.648235473,0.648789201,0.648425917,1,0.707558013,0.704577819,0.717761751
221,0.646996008,0.636779148,0.634835523,0.614136862,0.648108589,0.667309489,0.662854952,0.450614613,0.43228213,0.432815717,0.438555294,0.454171979,0.462770972,0.437548992,0.442835144,0.436007803,0.451175797,0.469474573,0.49571127,0.525549739,0.537171985,0.539115239,0.544133268,0.552546241,0.567983117,0.750620695,0.598935841,0.588662614
222,0.647289192,0.608418761,0.60634491,0.614144756,0.647751659,0.66856622,0.670322815,0.470401687,0.470297469,0.491638679,0.496891387,0.504361405,0.472210017,0.457417295,0.472919491,0.485188081,0.481499488,0.489019581,0.50110082,0.524739612,0.50663238,0.506786285,0.526511961,0.55247471,0.569956274,0.598935895,0.758512937,0.588674843
223,0.666014013,0.627584147,0.613110218,0.636749153,0.640422606,0.654183361,0.669397168,0.673006701,0.670252365,0.673209904,0.673138416,0.504853457,0.484288565,0.586882516,0.670124645,0.673165352,0.673066804,0.516316847,0.50585388,0.634568834,0.58906562,0.588663728,0.598935748,0.588674394,0.588674425,0.598935284,0.588677156,0.588664231
224,0.646739014,0.634794579,0.636678864,0.636719054,0.647504299,0.668566442,0.670166395,0.670072912,0.670202194,0.670343747,0.670215822,0.499806075,0.492486079,0.598935775,0.670197445,0.670226283,0.672995323,0.639695457,0.625084308,0.607639078,0.600577507,0.59893617,0.588662978,0.588662328,0.588674421,0.598935763,0.588677229,0.649663874
225,0.580341502,0.667654444,0.659836845,0.683343985,0.590598533,0.592911031,0.683326569,0.690775996,0.691299955,0.631290227,0.689007499,0.649521708,0.668347971,0.668091732,0.669863112,0.688643626,0.676729135,0.676979319,0.645347732,0.601341201,0.593486588,0.58048001,0.580814023,0.580711592,0.580776974,0.580802518,0.580727524,0.59845973
226,0.671176547,0.688647277,0.58140477,0.684219671,0.592085528,0.677138074,0.684829156,0.690891817,0.691251119,0.689092275,0.648442491,0.668699272,0.649593964,0.668091442,0.671176547,0.67655479,0.668681993,0.676648453,0.689201239,0.599300294,0.592099047,0.578664033,0.598465649,0.580838381,0.636361689,0.598879568,0.635278327,0.580704505
227,0.63095519,0.632508523,0.580908522,0.680401328,0.676139761,0.593359825,0.687801732,0.691209873,0.691257805,0.632163772,0.689021862,0.676905374,0.66818722,0.394234263,0.671176547,0.668132278,0.668740569,0.688863942,0.632832566,0.68836847,0.676753596,0.650965753,0.636343437,0.598122877,0.580655712,0.631435489,0.580740198,0.580683533
228,0.630955122,0.667997284,0.656807792,0.679474692,0.591518133,0.679867767,0.63884756,0.501294723,0.456758869,0.452402948,0.454160648,0.848628549,0.851588485,0.856111306,0.969184397,0.805301439,0.819558518,0.803812584,0.998895794,0.529031621,0.529178577,0.614856957,0.61497352,0.615636899,0.632054032,0.598319175,0.637998894,0.580683584
229,0.630940214,0.688644036,0.655723219,0.593371663,0.591860641,0.483954094,0.446639459,0.432261242,0.411571125,0.404745938,0.407238078,0.865015644,0.864250099,0.852220196,0.832808244,0.805079486,0.532798983,0.525465279,0.526353515,0.555829546,0.563353699,0.581221828,0.596902525,0.610885676,0.620511106,0.580665307,0.636537143,0.597705511
230,0.631414176,0.677439311,0.657443682,0.676220887,0.65085174,0.446079126,0.421140048,0.392787805,0.36164085,0.356802804,0.361474248,0.372217812,0.397460545,0.42112311,0.445447006,0.468014353,0.476835287,0.493693654,0.51305735,0.529403865,0.553005495,0.574278568,0.589617107,0.60711199,0.619760547,0.814149282,1,0.59782465
231,0.631559123,0.645295092,0.580841716,0.677063532,0.64649286,0.431768102,0.383500362,0.34010115,0.312556307,0.306425603,0.313385153,0.326705019,0.349968679,0.37955245,0.416723551,0.449349216,0.474601412,0.495233818,0.509123076,0.520843025,0.535264403,0.549604424,0.560703648,0.583287255,0.611948492,0.847764479,0.806965715,0.598879526
232,0.631535191,0.677407925,0.58086419,0.674305882,0.641670729,0.389331877,0.338653933,0.285497281,0.255991702,0.251830246,0.259905107,0.280179337,0.305962626,0.344094981,0.377178912,0.4362908,0.469879409,0.485213965,0.487526378,0.487709559,0.491174315,0.49798833,0.51298025,0.542445266,0.58715851,0.871310715,0.806953945,0.631494867
233,0.631559157,0.689122263,0.657280202,0.663058633,0.638582008,0.350864646,0.279519226,0.22812766,0.199562056,0.193451924,0.203268194,0.224532704,0.255757296,0.301035113,0.345125243,0.418833366,0.457949651,0.460844044,0.446913234,0.42281805,0.410139584,0.412751767,0.432583796,0.489095864,0.548002204,0.907197507,0.83226588,0.631603541
234,0.630488486,0.667273275,0.581402067,0.332107654,0.638501871,0.295956572,0.224407876,0.173587638,0.142715882,0.135848664,0.14356129,0.16316514,0.198933996,0.25178402,0.304090896,0.416213512,0.438790936,0.414585339,0.35641488,0.299005975,0.279829537,0.28331263,0.315331322,0.407832459,0.50207463,0.919436195,0.833169865,0.598539321
235,0.69119592,0.689063806,0.658663488,0.786915058,0.640798335,0.250003548,0.172086126,0.12564389,0.105650444,0.108991106,0.116560448,0.123819034,0.143290552,0.192449756,0.25816414,0.394269376,0.382268872,0.294067137,0.233029296,0.19519173,0.181303539,0.189726408,0.221241219,0.289570516,0.450477043,0.931442967,0.832498341,0.580801554
236,0.691230786,0.630896623,0.658203666,0.790800948,0.644750392,0.19559695,0.125189271,0.101836775,0.113733186,0.140114632,0.15627087,0.148636163,0.134376321,0.141364511,0.174207511,0.264381378,0.239481383,0.187632009,0.149020198,0.114421528,0.099893677,0.110125027,0.160691243,0.202132056,0.397469492,0.937234089,0.495467891,0.580872906
237,0.69138352,0.631024546,0.586170824,0.795937638,0.651973311,0.1514914,0.101671556,0.114911593,0.154086781,0.231216484,0.25513002,0.23105476,0.171014704,0.142227625,0.146975879,0.162673813,0.156431723,0.130207308,0.087702886,0.054402231,0.04688338,0.061716835,0.135504408,0.155142237,0.352432674,0.937822917,0.494747651,0.631397604
238,0.691060074,0.691217259,0.661359867,0.808650425,0.663567904,0.114876659,0.110254289,0.139284064,0.219666854,0.316593209,0.329094856,0.310242683,0.221496827,0.155942852,0.143376795,0.141218736,0.126584719,0.085140767,0.034829221,0.015902148,0.014201301,0.042117112,0.124770302,0.13162169,0.216132469,0.933003464,0.492837286,0.631494577
239,0.612242454,0.606819896,0.590553739,0.812605297,0.677869265,0.10784388,0.127355927,0.157849482,0.286742469,0.336921802,0.336161835,0.316752544,0.228900591,0.163660629,0.144321308,0.133473565,0.105185864,0.049851674,0.008695143,0,0.005999258,0.048406793,0.113224972,0.110984252,0.198011078,0.924108747,0.493356365,0.600792646
240,0.691060125,0.603991107,0.664453978,0.818019582,0.696160755,0.124505091,0.141285602,0.167350699,0.302649341,0.328678668,0.32002431,0.283496119,0.20106234,0.158232016,0.145591553,0.121979373,0.08137312,0.035465537,0.014183527,0.009946045,0.022852162,0.06164509,0.09657171,0.098785376,0.192580758,0.91324613,0.50241223,0.631597519
241,0.630632614,0.691110837,0.590430805,0.812880436,0.717529503,0.163246437,0.153111155,0.170157765,0.288592877,0.304864969,0.280318323,0.215581646,0.175406899,0.166954553,0.160398876,0.091359762,0.052408539,0.03580529,0.026828424,0.02872325,0.041863193,0.066821388,0.087350033,0.115920549,0.203017789,0.89516119,0.502450631,0.600916006
242,0.629781406,0.602798269,0.709515197,0.809784346,0.738272289,0.25579716,0.174430965,0.176672129,0.24680182,0.250231966,0.215635855,0.187967907,0.185733055,0.222524581,0.302784489,0.067633807,0.058739568,0.048569693,0.044746541,0.047073162,0.056133372,0.07362771,0.101125371,0.147841211,0.248722079,0.876265367,0.510818545,0.631330978
243,0.608535899,0.603519584,0.710796376,0.799899435,0.759661405,0.351439163,0.224723988,0.197091537,0.208807529,0.206001554,0.198086029,0.205393366,0.25319035,0.351737637,0.750185007,0.133845932,0.100920134,0.076056097,0.068358209,0.0700246,0.079064613,0.098964413,0.136992922,0.203052382,0.293469473,0.853583985,0.597698535,0.580801767
244,0.612229729,0.601395137,0.705634663,0.788055358,0.77111314,0.440424746,0.32254138,0.249251615,0.230752142,0.224402179,0.235057649,0.28484795,0.379645397,0.741727254,0.789903207,0.202024968,0.156622393,0.128084252,0.116144208,0.116639868,0.126059822,0.148664445,0.197590164,0.266810601,0.33424654,0.459893104,0.606484799,0.597820539
245,0.61198717,0.688630117,0.676194687,0.702912885,0.779496334,0.526621106,0.436325977,0.356814728,0.319158108,0.310776825,0.342952532,0.413839257,0.725194027,0.792648763,0.806672256,0.277183376,0.231247017,0.200007908,0.186322531,0.186530907,0.1956384,0.217987619,0.267018772,0.320418136,0.374826882,0.458712162,0.632062714,0.603144777
246,0.609522672,0.685049864,0.677282927,0.70217864,0.778573587,0.579724793,0.53414661,0.491327987,0.469064039,0.461128556,0.477397186,0.709586669,0.779985068,0.832328209,0.430072842,0.377723561,0.313064043,0.280554826,0.269048472,0.268609051,0.276008124,0.296458987,0.326609889,0.369028375,0.41800612,0.468042065,0.603062227,0.598750912
247,0.614323549,0.596123112,0.637437665,0.735284583,0.768218842,0.629077482,0.597051131,0.586984403,0.591466065,0.622890248,0.693638977,0.768190748,0.830797051,0.853724369,0.484650484,0.426652197,0.395347647,0.359757794,0.344392398,0.339611955,0.341543233,0.353333869,0.378720884,0.410707039,0.444457021,0.380821015,0.580675447,0.580859755
248,0.631471524,0.636981852,0.676933212,0.738269151,0.756341502,0.658052007,0.653471377,0.656503229,0.67270443,0.703825295,0.753114529,0.825401563,0.850863571,0.859488028,0.529488931,0.485082894,0.45302346,0.434782316,0.423291322,0.414675471,0.411684789,0.41783,0.433510774,0.454678286,0.465758494,0.632624626,0.606893269,0.580801929
249,0.629358915,0.676463446,0.679971102,0.744016349,0.745620036,0.679231297,0.689412173,0.709973876,0.728362492,0.749808955,0.810890428,0.839271503,0.855574129,0.852627463,0.56066108,0.542589864,0.526885917,0.518199132,0.51422548,0.513226306,0.518735167,0.532245481,0.542041624,0.552565136,0.449681801,0.601716195,0.631134099,0.598755799
250,0.630636512,0.663342829,0.593429667,0.851054924,0.681225261,0.688819337,0.704246601,0.72911915,0.743257696,0.774964336,0.81685448,0.831799492,0.842073759,0.835570141,0.593412106,0.589450548,0.59161485,0.616051688,0.617190317,0.964984579,0.559928593,0.559312938,0.55873628,0.563186619,0.635208971,0.601722251,0.632788447,0.598880157
251,0.612066317,0.592275362,0.679460124,0.59196795,0.680697858,0.687528145,0.702375127,0.725350786,0.729286024,0.768354228,0.792284447,0.819863406,0.823167769,0.81360453,0.750472973,0.676600009,0.668157796,0.677200539,0.690930231,0.680501337,0.656701915,0.602142635,0.580692334,0.63271266,0.580713375,0.60067552,0.580704556,0.631332402
252,0.688736249,0.663366403,0.593669463,0.637232957,0.592674007,0.684164387,0.487849447,0.48720926,0.711716105,0.768151191,0.770457822,0.183535116,0.806719369,0.931771429,0.676647634,0.676760248,0.688239771,0.644507321,0.600720544,0.680288868,0.656490913,0.632674664,0.580691686,0.580824428,0.580872761,0.632748557,0.600748595,0.595951632
253,0.604482192,0.700855543,0.667942385,0.630863561,0.664393745,0.704493072,0.703453275,0.721737167,0.721501482,0.721747788,0.720890881,0.721178186,0.721616691,0.703547742,0.703938288,0.721919366,0.721811549,0.701912092,0.466004129,0.665684926,0.650880472,0.604478772,0.616778234,0.604480689,0.616733367,0.614695617,0.616811307,0.604482909
254,0.721071699,0.702663963,0.632225929,0.65385673,0.667266917,0.707990765,0.703159286,0.703005945,0.703436454,0.703449803,0.703882039,0.703828415,0.721749912,0.70358166,0.721039853,0.722063969,0.721584586,0.673805804,0.698564424,0.658822709,0.605408646,0.616373423,0.614692733,0.616781939,0.616732866,0.604449586,0.616365168,0.614647114
255,0.666289154,0.668125137,0.627779746,0.629976259,0.643667776,0.70218211,0.708431722,0.721618021,0.646626038,0.647374127,0.721361992,0.510676401,0.487396095,0.48233445,0.483783969,0.544542933,0.447996696,0.707926952,0.700830778,0.665651871,0.626380869,0.616637483,0.616781706,0.616781749,0.616355152,0.624942072,0.616365203,0.604482641
256,0.701177975,0.706676391,0.646209812,0.65486741,0.666285666,0.721124994,0.709269218,0.703471581,0.581179509,0.578063916,0.575223868,0.580445971,0.598128406,0.605488641,0.608891884,0.610787993,0.613784603,0.503053977,0.504042051,0.506392587,0.512033507,0.349246687,0.611217284,0.611529536,0.604482252,0.614670947,0.614709209,0.616732831
257,0.700884211,0.705199488,0.646201108,0.652238523,0.699080472,0.670544814,0.416602062,0.527322486,0.548280107,0.525163682,0.494439611,0.479642799,0.478972927,0.491167922,0.515095731,0.540716897,0.585774069,0.612500002,0.496902606,0.501888212,0.511640902,0.546097656,0.58381185,0.593210093,0.639458331,0.645063665,0.912074502,0.616365488
258,0.66781279,0.673925934,0.604778857,0.655867313,0.670588559,0.721275278,0.317839222,0.546106684,0.504304206,0.463140291,0.414100015,0.396147087,0.401674585,0.420189733,0.452612472,0.501145888,0.545440084,0.602986395,0.62526567,0.500826391,0.508593586,0.56545829,0.582063306,0.606310826,0.633050783,0.650060868,0.847450288,0.614600511
259,0.668448882,0.673178088,0.618076798,0.653323827,0.486246631,0.483065759,0.531912201,0.500248983,0.452888854,0.383238008,0.309825488,0.257519266,0.236342859,0.232511991,0.237179681,0.250347759,0.52387567,0.574636374,0.620367891,0.654714397,0.518837157,0.538700916,0.588643355,0.612531313,0.630601367,0.646305212,0.849076577,0.698863076
260,0.701895547,0.673842123,0.617367835,0.632334472,0.472888807,0.473385689,0.511650392,0.455879204,0.375725175,0.268030411,0.200587183,0.153153751,0.136786268,0.138556314,0.151560136,0.180600339,0.226789082,0.556338148,0.606937005,0.662744296,0.518797263,0.534061835,0.5925184,0.606071567,0.609803727,0.622532351,0.858977241,0.702593138
261,0.667560578,0.708050295,0.604639393,0.630670154,0.485155505,0.47745849,0.478585171,0.384304721,0.25719863,0.174318691,0.102084102,0.051054106,0.041387347,0.04469001,0.057820733,0.103793184,0.180281775,0.232308429,0.61392766,0.681153759,0.522641593,0.549193038,0.5912145,0.582894705,0.572808318,0.574724486,0.877131038,0.702357557
262,0.667481774,0.721159051,0.622925314,0.650734574,0.727231282,0.744419128,0.421181605,0.26847249,0.173374052,0.080503679,0.030654645,0.036033275,0.043791516,0.041738034,0.031349904,0.054409683,0.119201556,0.20836601,0.627084961,0.691396889,0.533798673,0.576442419,0.568110371,0.537863162,0.513732845,0.513650656,0.898489541,0.704589094
263,0.700315749,0.702086416,0.622926342,0.627817161,0.732726917,0.772343062,0.349365108,0.195541934,0.081927148,0.027099805,0.046769777,0.089417841,0.122174359,0.113864581,0.070231535,0.025726557,0.096425731,0.199822809,0.636162386,0.702300013,0.566000346,0.553188826,0.511575327,0.473137175,0.442487953,0.437231008,0.918892835,0.707821467
264,0.700420337,0.701889088,0.621814278,0.619026705,0.748846436,0.831126188,0.263665396,0.112701268,0.026111542,0.045870109,0.101022268,0.188849638,0.219058905,0.182256126,0.087285054,0.023135111,0.092619093,0.199765576,0.643763331,0.711057535,0.528865637,0.486098565,0.44244255,0.406872968,0.386725417,0.385476065,0.938652301,0.490563431
265,0.667149671,0.708044423,0.622749703,0.618727112,0.773975672,0.848504903,0.231984027,0.040118825,0.036027196,0.08167953,0.186424849,0.254649841,0.256827426,0.177697238,0.08676633,0.024532848,0.096818142,0.203989977,0.652623335,0.494834932,0.45277184,0.408007759,0.371236749,0.344319428,0.330220492,0.334243697,0.952256052,0.4900196
266,0.664173793,0.701938464,0.616458461,0.624923904,0.782411211,0.870126256,0.217579169,0.027514045,0.049016926,0.14200515,0.250876241,0.268772662,0.249309102,0.164795136,0.075055692,0.027990562,0.107887922,0.211193417,0.445091591,0.407661977,0.359037004,0.324950042,0.301849609,0.290330669,0.291315875,0.301038053,0.962232497,0.810841918
267,0.683441182,0.674105422,0.616384804,0.625738266,0.792871737,0.88828779,0.22470061,0.036276093,0.054117715,0.165491984,0.25935404,0.261716536,0.214558717,0.124192714,0.052215312,0.041790051,0.119409107,0.277170034,0.303274253,0.285465651,0.259684451,0.247416715,0.247859744,0.252781753,0.262622991,0.276607893,0.963708399,0.833401729
268,0.648942078,0.707808359,0.604253985,0.604987696,0.797496632,0.90106047,0.244836598,0.045436734,0.050177338,0.149868324,0.223655407,0.209752107,0.131159294,0.064961775,0.04331462,0.05694583,0.093606355,0.12391135,0.147961085,0.167001321,0.186840643,0.206657843,0.218879209,0.226722436,0.237556549,0.250059849,0.970221501,0.827654486
269,0.667307847,0.706179703,0.641027093,0.625764896,0.800536651,0.913238886,0.285191264,0.063158467,0.048143785,0.097674566,0.105442754,0.097810032,0.057857725,0.043186718,0.043869059,0.050777508,0.056511418,0.058119436,0.054438801,0.041808185,0.026797095,0.018124679,0.011958222,0.007288944,0.003230197,0,0.970828924,0.829281051
270,0.641331289,0.670782917,0.604620568,0.625954021,0.800248793,0.920175312,0.335190253,0.110755413,0.065661559,0.046583364,0.044194565,0.041152474,0.039781333,0.040395492,0.041435669,0.040591715,0.03768319,0.033980207,0.03186179,0.029894589,0.029747689,0.030333249,0.030384783,0.029504285,0.027859758,0.026611821,0.956819016,0.821891354
271,0.67225229,0.672259492,0.604253812,0.648905707,0.800356904,0.921898659,0.372543516,0.235458475,0.126915896,0.091514637,0.070265384,0.057353922,0.054798329,0.057065892,0.06148541,0.069987301,0.086395679,0.095636592,0.098279191,0.10010381,0.101032492,0.100844594,0.099585881,0.097559236,0.095094,0.094713368,0.948177306,0.842306323
272,0.648166962,0.702240656,0.622999679,0.650004948,0.792432766,0.918587639,0.679242341,0.349640774,0.254977334,0.184084786,0.147605736,0.127596268,0.125464,0.139535942,0.167969758,0.190140439,0.19644668,0.200180023,0.202317438,0.204391748,0.205182891,0.205057338,0.204046174,0.202093514,0.202149711,0.207375277,0.935692105,0.823127443
273,0.648965772,0.702332636,0.617973747,0.650065393,0.792400195,0.91266614,0.714389643,0.67131506,0.36205035,0.332149803,0.309028318,0.290030186,0.279273686,0.279477456,0.286161428,0.296063094,0.304675772,0.309245696,0.311517766,0.31158448,0.309693613,0.306759581,0.302884329,0.297656605,0.293183704,0.295989316,0.919098729,0.81269942
274,0.668359181,0.702447361,0.618024461,0.650681486,0.810851797,0.90307278,0.748326831,0.714397052,0.682964873,0.398997316,0.378382023,0.360721978,0.347945939,0.343826436,0.34242616,0.345862562,0.350427443,0.354623737,0.358993052,0.364396897,0.369271741,0.371399684,0.367811581,0.36487185,0.365967412,0.373532366,0.895160663,0.811039281
275,0.683461941,0.667578988,0.60480041,0.631058178,0.667416407,0.905883452,0.766247516,0.756992252,0.734239034,0.714032377,0.426113851,0.400401296,0.388658579,0.385174693,0.379294375,0.379179935,0.38014586,0.385693599,0.390586395,0.394916593,0.398761424,0.40137817,0.404471009,0.409607936,0.421803536,0.4513987,0.864599138,0.637820367
276,0.671531765,0.701478613,0.645718409,0.655864446,0.66701486,1,0.767709256,0.777833378,0.772937067,0.76342586,0.73924957,0.703275945,0.432718645,0.421974648,0.418540163,0.417961848,0.421263155,0.424677503,0.427205412,0.429022479,0.434961321,0.439349546,0.440852579,0.441245633,0.447068278,0.486735373,0.565139627,0.614598456
277,0.675628299,0.66838873,0.605320957,0.66101613,0.668542313,0.702185961,0.762443227,0.776938977,0.791432552,0.803810265,0.812641289,0.865219307,0.72019785,0.704371991,0.6985146,0.687921664,0.683314592,0.681590088,0.674623421,0.500316535,0.48292621,0.468324654,0.469492116,0.473228439,0.498700987,0.512304958,0.548908392,0.604482244
278,0.663394377,0.664804117,0.648629696,0.633465473,0.669496451,0.708795465,0.757392417,0.76038667,0.85987159,0.859879085,0.866341448,0.843248061,0.824407537,0.721244728,0.703997593,0.714165253,0.537715434,0.85442609,0.869524705,0.87168654,0.872777387,0.866646541,0.863620788,0.862459616,0.858825161,0.847938927,0.616732762,0.614688208
279,0.68353672,0.663465892,0.628612837,0.661015595,0.669007811,0.702347816,0.703540799,0.721309059,0.703141826,0.704314862,0.890829394,0.787931802,0.721875086,0.721032547,0.721877296,0.56137401,0.709022049,0.701864289,0.641343188,0.652436317,0.604482226,0.604483401,0.614659402,0.616732779,0.614713613,0.604483401,0.615595251,0.616781792
280,0.701991828,0.641960576,0.629636332,0.639031708,0.702798445,0.709060043,0.703870244,0.720571177,0.721753833,0.721609316,0.703691636,0.721711279,0.714817924,0.604482295,0.72191612,0.722115796,0.702360044,0.702063482,0.666442046,0.651919561,0.616695347,0.616637742,0.614727584,0.604482727,0.616352829,0.614928228,0.614682026,0.67310621
